question,option_a,option_b,option_c,option_d,answer,category,difficulty
Which chemical element has atomic number 1?,,,,,Hydrogen,Science: Periodic Table,Moderately hard
Which chemical element has atomic number 2?,,,,,Helium,Science: Periodic Table,Moderately hard
Which chemical element has atomic number 3?,,,,,Lithium,Science: Periodic Table,Moderately hard
Which chemical element has atomic number 4?,,,,,Beryllium,Science: Periodic Table,Moderately hard
Which chemical element has atomic number 5?,,,,,Boron,Science: Periodic Table,Moderately hard
Which chemical element has atomic number 6?,,,,,Carbon,Science: Periodic Table,Moderately hard
Which chemical element has atomic number 7?,,,,,Nitrogen,Science: Periodic Table,Moderately hard
Which chemical element has atomic number 8?,,,,,Oxygen,Science: Periodic Table,Moderately hard
Which chemical element has atomic number 9?,,,,,Fluorine,Science: Periodic Table,Moderately hard
Which chemical element has atomic number 10?,,,,,Neon,Science: Periodic Table,Moderately hard
Which chemical element has atomic number 11?,,,,,Sodium,Science: Periodic Table,Moderately hard
Which chemical element has atomic number 12?,,,,,Magnesium,Science: Periodic Table,Moderately hard
Which chemical element has atomic number 13?,,,,,Aluminum,Science: Periodic Table,Moderately hard
Which chemical element has atomic number 14?,,,,,Silicon,Science: Periodic Table,Moderately hard
Which chemical element has atomic number 15?,,,,,Phosphorus,Science: Periodic Table,Moderately hard
Which chemical element has atomic number 16?,,,,,Sulfur,Science: Periodic Table,Moderately hard
Which chemical element has atomic number 17?,,,,,Chlorine,Science: Periodic Table,Moderately hard
Which chemical element has atomic number 18?,,,,,Argon,Science: Periodic Table,Moderately hard
Which chemical element has atomic number 19?,,,,,Potassium,Science: Periodic Table,Moderately hard
Which chemical element has atomic number 20?,,,,,Calcium,Science: Periodic Table,Moderately hard
Which chemical element has atomic number 21?,,,,,Scandium,Science: Periodic Table,Moderately hard
Which chemical element has atomic number 22?,,,,,Titanium,Science: Periodic Table,Moderately hard
Which chemical element has atomic number 23?,,,,,Vanadium,Science: Periodic Table,Moderately hard
Which chemical element has atomic number 24?,,,,,Chromium,Science: Periodic Table,Moderately hard
Which chemical element has atomic number 25?,,,,,Manganese,Science: Periodic Table,Moderately hard
Which chemical element has atomic number 26?,,,,,Iron,Science: Periodic Table,Moderately hard
Which chemical element has atomic number 27?,,,,,Cobalt,Science: Periodic Table,Moderately hard
Which chemical element has atomic number 28?,,,,,Nickel,Science: Periodic Table,Moderately hard
Which chemical element has atomic number 29?,,,,,Copper,Science: Periodic Table,Moderately hard
Which chemical element has atomic number 30?,,,,,Zinc,Science: Periodic Table,Moderately hard
Which chemical element has atomic number 31?,,,,,Gallium,Science: Periodic Table,Moderately hard
Which chemical element has atomic number 32?,,,,,Germanium,Science: Periodic Table,Moderately hard
Which chemical element has atomic number 33?,,,,,Arsenic,Science: Periodic Table,Moderately hard
Which chemical element has atomic number 34?,,,,,Selenium,Science: Periodic Table,Moderately hard
Which chemical element has atomic number 35?,,,,,Bromine,Science: Periodic Table,Moderately hard
Which chemical element has atomic number 36?,,,,,Krypton,Science: Periodic Table,Moderately hard
Which chemical element has atomic number 37?,,,,,Rubidium,Science: Periodic Table,Moderately hard
Which chemical element has atomic number 38?,,,,,Strontium,Science: Periodic Table,Moderately hard
Which chemical element has atomic number 39?,,,,,Yttrium,Science: Periodic Table,Moderately hard
Which chemical element has atomic number 40?,,,,,Zirconium,Science: Periodic Table,Moderately hard
Which chemical element has atomic number 41?,,,,,Niobium,Science: Periodic Table,Moderately hard
Which chemical element has atomic number 42?,,,,,Molybdenum,Science: Periodic Table,Moderately hard
Which chemical element has atomic number 43?,,,,,Technetium,Science: Periodic Table,Moderately hard
Which chemical element has atomic number 44?,,,,,Ruthenium,Science: Periodic Table,Moderately hard
Which chemical element has atomic number 45?,,,,,Rhodium,Science: Periodic Table,Moderately hard
Which chemical element has atomic number 46?,,,,,Palladium,Science: Periodic Table,Moderately hard
Which chemical element has atomic number 47?,,,,,Silver,Science: Periodic Table,Moderately hard
Which chemical element has atomic number 48?,,,,,Cadmium,Science: Periodic Table,Moderately hard
Which chemical element has atomic number 49?,,,,,Indium,Science: Periodic Table,Moderately hard
Which chemical element has atomic number 50?,,,,,Tin,Science: Periodic Table,Moderately hard
Which chemical element has atomic number 51?,,,,,Antimony,Science: Periodic Table,Moderately hard
Which chemical element has atomic number 52?,,,,,Tellurium,Science: Periodic Table,Moderately hard
Which chemical element has atomic number 53?,,,,,Iodine,Science: Periodic Table,Moderately hard
Which chemical element has atomic number 54?,,,,,Xenon,Science: Periodic Table,Moderately hard
Which chemical element has atomic number 55?,,,,,Cesium,Science: Periodic Table,Moderately hard
Which chemical element has atomic number 56?,,,,,Barium,Science: Periodic Table,Moderately hard
Which chemical element has atomic number 57?,,,,,Lanthanum,Science: Periodic Table,Moderately hard
Which chemical element has atomic number 58?,,,,,Cerium,Science: Periodic Table,Moderately hard
Which chemical element has atomic number 59?,,,,,Praseodymium,Science: Periodic Table,Moderately hard
Which chemical element has atomic number 60?,,,,,Neodymium,Science: Periodic Table,Moderately hard
Which chemical element has atomic number 61?,,,,,Promethium,Science: Periodic Table,Moderately hard
Which chemical element has atomic number 62?,,,,,Samarium,Science: Periodic Table,Moderately hard
Which chemical element has atomic number 63?,,,,,Europium,Science: Periodic Table,Moderately hard
Which chemical element has atomic number 64?,,,,,Gadolinium,Science: Periodic Table,Moderately hard
Which chemical element has atomic number 65?,,,,,Terbium,Science: Periodic Table,Moderately hard
Which chemical element has atomic number 66?,,,,,Dysprosium,Science: Periodic Table,Moderately hard
Which chemical element has atomic number 67?,,,,,Holmium,Science: Periodic Table,Moderately hard
Which chemical element has atomic number 68?,,,,,Erbium,Science: Periodic Table,Moderately hard
Which chemical element has atomic number 69?,,,,,Thulium,Science: Periodic Table,Moderately hard
Which chemical element has atomic number 70?,,,,,Ytterbium,Science: Periodic Table,Moderately hard
Which chemical element has atomic number 71?,,,,,Lutetium,Science: Periodic Table,Moderately hard
Which chemical element has atomic number 72?,,,,,Hafnium,Science: Periodic Table,Moderately hard
Which chemical element has atomic number 73?,,,,,Tantalum,Science: Periodic Table,Moderately hard
Which chemical element has atomic number 74?,,,,,Tungsten,Science: Periodic Table,Moderately hard
Which chemical element has atomic number 75?,,,,,Rhenium,Science: Periodic Table,Moderately hard
Which chemical element has atomic number 76?,,,,,Osmium,Science: Periodic Table,Moderately hard
Which chemical element has atomic number 77?,,,,,Iridium,Science: Periodic Table,Moderately hard
Which chemical element has atomic number 78?,,,,,Platinum,Science: Periodic Table,Moderately hard
Which chemical element has atomic number 79?,,,,,Gold,Science: Periodic Table,Moderately hard
Which chemical element has atomic number 80?,,,,,Mercury,Science: Periodic Table,Moderately hard
Which chemical element has atomic number 81?,,,,,Thallium,Science: Periodic Table,Moderately hard
Which chemical element has atomic number 82?,,,,,Lead,Science: Periodic Table,Moderately hard
Which chemical element has atomic number 83?,,,,,Bismuth,Science: Periodic Table,Moderately hard
Which chemical element has atomic number 84?,,,,,Polonium,Science: Periodic Table,Moderately hard
Which chemical element has atomic number 85?,,,,,Astatine,Science: Periodic Table,Moderately hard
Which chemical element has atomic number 86?,,,,,Radon,Science: Periodic Table,Moderately hard
Which chemical element has atomic number 87?,,,,,Francium,Science: Periodic Table,Moderately hard
Which chemical element has atomic number 88?,,,,,Radium,Science: Periodic Table,Moderately hard
Which chemical element has atomic number 89?,,,,,Actinium,Science: Periodic Table,Moderately hard
Which chemical element has atomic number 90?,,,,,Thorium,Science: Periodic Table,Moderately hard
Which chemical element has atomic number 91?,,,,,Protactinium,Science: Periodic Table,Moderately hard
Which chemical element has atomic number 92?,,,,,Uranium,Science: Periodic Table,Moderately hard
Which chemical element has atomic number 93?,,,,,Neptunium,Science: Periodic Table,Moderately hard
Which chemical element has atomic number 94?,,,,,Plutonium,Science: Periodic Table,Moderately hard
Which chemical element has atomic number 95?,,,,,Americium,Science: Periodic Table,Moderately hard
Which chemical element has atomic number 96?,,,,,Curium,Science: Periodic Table,Moderately hard
Which chemical element has atomic number 97?,,,,,Berkelium,Science: Periodic Table,Moderately hard
Which chemical element has atomic number 98?,,,,,Californium,Science: Periodic Table,Moderately hard
Which chemical element has atomic number 99?,,,,,Einsteinium,Science: Periodic Table,Moderately hard
Which chemical element has atomic number 100?,,,,,Fermium,Science: Periodic Table,Moderately hard
Which chemical element has atomic number 101?,,,,,Mendelevium,Science: Periodic Table,Moderately hard
Which chemical element has atomic number 102?,,,,,Nobelium,Science: Periodic Table,Moderately hard
Which chemical element has atomic number 103?,,,,,Lawrencium,Science: Periodic Table,Moderately hard
Which chemical element has atomic number 104?,,,,,Rutherfordium,Science: Periodic Table,Moderately hard
Which chemical element has atomic number 105?,,,,,Dubnium,Science: Periodic Table,Moderately hard
Which chemical element has atomic number 106?,,,,,Seaborgium,Science: Periodic Table,Moderately hard
Which chemical element has atomic number 107?,,,,,Bohrium,Science: Periodic Table,Moderately hard
Which chemical element has atomic number 108?,,,,,Hassium,Science: Periodic Table,Moderately hard
Which chemical element has atomic number 109?,,,,,Meitnerium,Science: Periodic Table,Moderately hard
Which chemical element has atomic number 110?,,,,,Darmstadtium,Science: Periodic Table,Moderately hard
Which chemical element has atomic number 111?,,,,,Roentgenium,Science: Periodic Table,Moderately hard
Which chemical element has atomic number 112?,,,,,Copernicium,Science: Periodic Table,Moderately hard
Which chemical element has atomic number 113?,,,,,Nihonium,Science: Periodic Table,Moderately hard
Which chemical element has atomic number 114?,,,,,Flerovium,Science: Periodic Table,Moderately hard
Which chemical element has atomic number 115?,,,,,Moscovium,Science: Periodic Table,Moderately hard
Which chemical element has atomic number 116?,,,,,Livermorium,Science: Periodic Table,Moderately hard
Which chemical element has atomic number 117?,,,,,Tennessine,Science: Periodic Table,Moderately hard
Which chemical element has atomic number 118?,,,,,Oganesson,Science: Periodic Table,Moderately hard
What is the chemical symbol for Hydrogen?,,,,,H,Science: Periodic Table,Moderately hard
What is the chemical symbol for Helium?,,,,,He,Science: Periodic Table,Moderately hard
What is the chemical symbol for Lithium?,,,,,Li,Science: Periodic Table,Moderately hard
What is the chemical symbol for Beryllium?,,,,,Be,Science: Periodic Table,Moderately hard
What is the chemical symbol for Boron?,,,,,B,Science: Periodic Table,Moderately hard
What is the chemical symbol for Carbon?,,,,,C,Science: Periodic Table,Moderately hard
What is the chemical symbol for Nitrogen?,,,,,N,Science: Periodic Table,Moderately hard
What is the chemical symbol for Oxygen?,,,,,O,Science: Periodic Table,Moderately hard
What is the chemical symbol for Fluorine?,,,,,F,Science: Periodic Table,Moderately hard
What is the chemical symbol for Neon?,,,,,Ne,Science: Periodic Table,Moderately hard
What is the chemical symbol for Sodium?,,,,,Na,Science: Periodic Table,Moderately hard
What is the chemical symbol for Magnesium?,,,,,Mg,Science: Periodic Table,Moderately hard
What is the chemical symbol for Aluminum?,,,,,Al,Science: Periodic Table,Moderately hard
What is the chemical symbol for Silicon?,,,,,Si,Science: Periodic Table,Moderately hard
What is the chemical symbol for Phosphorus?,,,,,P,Science: Periodic Table,Moderately hard
What is the chemical symbol for Sulfur?,,,,,S,Science: Periodic Table,Moderately hard
What is the chemical symbol for Chlorine?,,,,,Cl,Science: Periodic Table,Moderately hard
What is the chemical symbol for Argon?,,,,,Ar,Science: Periodic Table,Moderately hard
What is the chemical symbol for Potassium?,,,,,K,Science: Periodic Table,Moderately hard
What is the chemical symbol for Calcium?,,,,,Ca,Science: Periodic Table,Moderately hard
What is the chemical symbol for Scandium?,,,,,Sc,Science: Periodic Table,Moderately hard
What is the chemical symbol for Titanium?,,,,,Ti,Science: Periodic Table,Moderately hard
What is the chemical symbol for Vanadium?,,,,,V,Science: Periodic Table,Moderately hard
What is the chemical symbol for Chromium?,,,,,Cr,Science: Periodic Table,Moderately hard
What is the chemical symbol for Manganese?,,,,,Mn,Science: Periodic Table,Moderately hard
What is the chemical symbol for Iron?,,,,,Fe,Science: Periodic Table,Moderately hard
What is the chemical symbol for Cobalt?,,,,,Co,Science: Periodic Table,Moderately hard
What is the chemical symbol for Nickel?,,,,,Ni,Science: Periodic Table,Moderately hard
What is the chemical symbol for Copper?,,,,,Cu,Science: Periodic Table,Moderately hard
What is the chemical symbol for Zinc?,,,,,Zn,Science: Periodic Table,Moderately hard
What is the chemical symbol for Gallium?,,,,,Ga,Science: Periodic Table,Moderately hard
What is the chemical symbol for Germanium?,,,,,Ge,Science: Periodic Table,Moderately hard
What is the chemical symbol for Arsenic?,,,,,As,Science: Periodic Table,Moderately hard
What is the chemical symbol for Selenium?,,,,,Se,Science: Periodic Table,Moderately hard
What is the chemical symbol for Bromine?,,,,,Br,Science: Periodic Table,Moderately hard
What is the chemical symbol for Krypton?,,,,,Kr,Science: Periodic Table,Moderately hard
What is the chemical symbol for Rubidium?,,,,,Rb,Science: Periodic Table,Moderately hard
What is the chemical symbol for Strontium?,,,,,Sr,Science: Periodic Table,Moderately hard
What is the chemical symbol for Yttrium?,,,,,Y,Science: Periodic Table,Moderately hard
What is the chemical symbol for Zirconium?,,,,,Zr,Science: Periodic Table,Moderately hard
What is the chemical symbol for Niobium?,,,,,Nb,Science: Periodic Table,Moderately hard
What is the chemical symbol for Molybdenum?,,,,,Mo,Science: Periodic Table,Moderately hard
What is the chemical symbol for Technetium?,,,,,Tc,Science: Periodic Table,Moderately hard
What is the chemical symbol for Ruthenium?,,,,,Ru,Science: Periodic Table,Moderately hard
What is the chemical symbol for Rhodium?,,,,,Rh,Science: Periodic Table,Moderately hard
What is the chemical symbol for Palladium?,,,,,Pd,Science: Periodic Table,Moderately hard
What is the chemical symbol for Silver?,,,,,Ag,Science: Periodic Table,Moderately hard
What is the chemical symbol for Cadmium?,,,,,Cd,Science: Periodic Table,Moderately hard
What is the chemical symbol for Indium?,,,,,In,Science: Periodic Table,Moderately hard
What is the chemical symbol for Tin?,,,,,Sn,Science: Periodic Table,Moderately hard
What is the chemical symbol for Antimony?,,,,,Sb,Science: Periodic Table,Moderately hard
What is the chemical symbol for Tellurium?,,,,,Te,Science: Periodic Table,Moderately hard
What is the chemical symbol for Iodine?,,,,,I,Science: Periodic Table,Moderately hard
What is the chemical symbol for Xenon?,,,,,Xe,Science: Periodic Table,Moderately hard
What is the chemical symbol for Cesium?,,,,,Cs,Science: Periodic Table,Moderately hard
What is the chemical symbol for Barium?,,,,,Ba,Science: Periodic Table,Moderately hard
What is the chemical symbol for Lanthanum?,,,,,La,Science: Periodic Table,Moderately hard
What is the chemical symbol for Cerium?,,,,,Ce,Science: Periodic Table,Moderately hard
What is the chemical symbol for Praseodymium?,,,,,Pr,Science: Periodic Table,Moderately hard
What is the chemical symbol for Neodymium?,,,,,Nd,Science: Periodic Table,Moderately hard
What is the chemical symbol for Promethium?,,,,,Pm,Science: Periodic Table,Moderately hard
What is the chemical symbol for Samarium?,,,,,Sm,Science: Periodic Table,Moderately hard
What is the chemical symbol for Europium?,,,,,Eu,Science: Periodic Table,Moderately hard
What is the chemical symbol for Gadolinium?,,,,,Gd,Science: Periodic Table,Moderately hard
What is the chemical symbol for Terbium?,,,,,Tb,Science: Periodic Table,Moderately hard
What is the chemical symbol for Dysprosium?,,,,,Dy,Science: Periodic Table,Moderately hard
What is the chemical symbol for Holmium?,,,,,Ho,Science: Periodic Table,Moderately hard
What is the chemical symbol for Erbium?,,,,,Er,Science: Periodic Table,Moderately hard
What is the chemical symbol for Thulium?,,,,,Tm,Science: Periodic Table,Moderately hard
What is the chemical symbol for Ytterbium?,,,,,Yb,Science: Periodic Table,Moderately hard
What is the chemical symbol for Lutetium?,,,,,Lu,Science: Periodic Table,Moderately hard
What is the chemical symbol for Hafnium?,,,,,Hf,Science: Periodic Table,Moderately hard
What is the chemical symbol for Tantalum?,,,,,Ta,Science: Periodic Table,Moderately hard
What is the chemical symbol for Tungsten?,,,,,W,Science: Periodic Table,Moderately hard
What is the chemical symbol for Rhenium?,,,,,Re,Science: Periodic Table,Moderately hard
What is the chemical symbol for Osmium?,,,,,Os,Science: Periodic Table,Moderately hard
What is the chemical symbol for Iridium?,,,,,Ir,Science: Periodic Table,Moderately hard
What is the chemical symbol for Platinum?,,,,,Pt,Science: Periodic Table,Moderately hard
What is the chemical symbol for Gold?,,,,,Au,Science: Periodic Table,Moderately hard
What is the chemical symbol for Mercury?,,,,,Hg,Science: Periodic Table,Moderately hard
What is the chemical symbol for Thallium?,,,,,Tl,Science: Periodic Table,Moderately hard
What is the chemical symbol for Lead?,,,,,Pb,Science: Periodic Table,Moderately hard
What is the chemical symbol for Bismuth?,,,,,Bi,Science: Periodic Table,Moderately hard
What is the chemical symbol for Polonium?,,,,,Po,Science: Periodic Table,Moderately hard
What is the chemical symbol for Astatine?,,,,,At,Science: Periodic Table,Moderately hard
What is the chemical symbol for Radon?,,,,,Rn,Science: Periodic Table,Moderately hard
What is the chemical symbol for Francium?,,,,,Fr,Science: Periodic Table,Moderately hard
What is the chemical symbol for Radium?,,,,,Ra,Science: Periodic Table,Moderately hard
What is the chemical symbol for Actinium?,,,,,Ac,Science: Periodic Table,Moderately hard
What is the chemical symbol for Thorium?,,,,,Th,Science: Periodic Table,Moderately hard
What is the chemical symbol for Protactinium?,,,,,Pa,Science: Periodic Table,Moderately hard
What is the chemical symbol for Uranium?,,,,,U,Science: Periodic Table,Moderately hard
What is the chemical symbol for Neptunium?,,,,,Np,Science: Periodic Table,Moderately hard
What is the chemical symbol for Plutonium?,,,,,Pu,Science: Periodic Table,Moderately hard
What is the chemical symbol for Americium?,,,,,Am,Science: Periodic Table,Moderately hard
What is the chemical symbol for Curium?,,,,,Cm,Science: Periodic Table,Moderately hard
What is the chemical symbol for Berkelium?,,,,,Bk,Science: Periodic Table,Moderately hard
What is the chemical symbol for Californium?,,,,,Cf,Science: Periodic Table,Moderately hard
What is the chemical symbol for Einsteinium?,,,,,Es,Science: Periodic Table,Moderately hard
What is the chemical symbol for Fermium?,,,,,Fm,Science: Periodic Table,Moderately hard
What is the chemical symbol for Mendelevium?,,,,,Md,Science: Periodic Table,Moderately hard
What is the chemical symbol for Nobelium?,,,,,No,Science: Periodic Table,Moderately hard
What is the chemical symbol for Lawrencium?,,,,,Lr,Science: Periodic Table,Moderately hard
What is the chemical symbol for Rutherfordium?,,,,,Rf,Science: Periodic Table,Moderately hard
What is the chemical symbol for Dubnium?,,,,,Db,Science: Periodic Table,Moderately hard
What is the chemical symbol for Seaborgium?,,,,,Sg,Science: Periodic Table,Moderately hard
What is the chemical symbol for Bohrium?,,,,,Bh,Science: Periodic Table,Moderately hard
What is the chemical symbol for Hassium?,,,,,Hs,Science: Periodic Table,Moderately hard
What is the chemical symbol for Meitnerium?,,,,,Mt,Science: Periodic Table,Moderately hard
What is the chemical symbol for Darmstadtium?,,,,,Ds,Science: Periodic Table,Moderately hard
What is the chemical symbol for Roentgenium?,,,,,Rg,Science: Periodic Table,Moderately hard
What is the chemical symbol for Copernicium?,,,,,Cn,Science: Periodic Table,Moderately hard
What is the chemical symbol for Nihonium?,,,,,Nh,Science: Periodic Table,Moderately hard
What is the chemical symbol for Flerovium?,,,,,Fl,Science: Periodic Table,Moderately hard
What is the chemical symbol for Moscovium?,,,,,Mc,Science: Periodic Table,Moderately hard
What is the chemical symbol for Livermorium?,,,,,Lv,Science: Periodic Table,Moderately hard
What is the chemical symbol for Tennessine?,,,,,Ts,Science: Periodic Table,Moderately hard
What is the chemical symbol for Oganesson?,,,,,Og,Science: Periodic Table,Moderately hard
What is the capital of Alabama?,,,,,Montgomery,Geography: U.S. States,Moderately hard
What is the capital of Alaska?,,,,,Juneau,Geography: U.S. States,Moderately hard
What is the capital of Arizona?,,,,,Phoenix,Geography: U.S. States,Moderately hard
What is the capital of Arkansas?,,,,,Little Rock,Geography: U.S. States,Moderately hard
What is the capital of California?,,,,,Sacramento,Geography: U.S. States,Moderately hard
What is the capital of Colorado?,,,,,Denver,Geography: U.S. States,Moderately hard
What is the capital of Connecticut?,,,,,Hartford,Geography: U.S. States,Moderately hard
What is the capital of Delaware?,,,,,Dover,Geography: U.S. States,Moderately hard
What is the capital of Florida?,,,,,Tallahassee,Geography: U.S. States,Moderately hard
What is the capital of Georgia?,,,,,Atlanta,Geography: U.S. States,Moderately hard
What is the capital of Hawaii?,,,,,Honolulu,Geography: U.S. States,Moderately hard
What is the capital of Idaho?,,,,,Boise,Geography: U.S. States,Moderately hard
What is the capital of Illinois?,,,,,Springfield,Geography: U.S. States,Moderately hard
What is the capital of Indiana?,,,,,Indianapolis,Geography: U.S. States,Moderately hard
What is the capital of Iowa?,,,,,Des Moines,Geography: U.S. States,Moderately hard
What is the capital of Kansas?,,,,,Topeka,Geography: U.S. States,Moderately hard
What is the capital of Kentucky?,,,,,Frankfort,Geography: U.S. States,Moderately hard
What is the capital of Louisiana?,,,,,Baton Rouge,Geography: U.S. States,Moderately hard
What is the capital of Maine?,,,,,Augusta,Geography: U.S. States,Moderately hard
What is the capital of Maryland?,,,,,Annapolis,Geography: U.S. States,Moderately hard
What is the capital of Massachusetts?,,,,,Boston,Geography: U.S. States,Moderately hard
What is the capital of Michigan?,,,,,Lansing,Geography: U.S. States,Moderately hard
What is the capital of Minnesota?,,,,,Saint Paul,Geography: U.S. States,Moderately hard
What is the capital of Mississippi?,,,,,Jackson,Geography: U.S. States,Moderately hard
What is the capital of Missouri?,,,,,Jefferson City,Geography: U.S. States,Moderately hard
What is the capital of Montana?,,,,,Helena,Geography: U.S. States,Moderately hard
What is the capital of Nebraska?,,,,,Lincoln,Geography: U.S. States,Moderately hard
What is the capital of Nevada?,,,,,Carson City,Geography: U.S. States,Moderately hard
What is the capital of New Hampshire?,,,,,Concord,Geography: U.S. States,Moderately hard
What is the capital of New Jersey?,,,,,Trenton,Geography: U.S. States,Moderately hard
What is the capital of New Mexico?,,,,,Santa Fe,Geography: U.S. States,Moderately hard
What is the capital of New York?,,,,,Albany,Geography: U.S. States,Moderately hard
What is the capital of North Carolina?,,,,,Raleigh,Geography: U.S. States,Moderately hard
What is the capital of North Dakota?,,,,,Bismarck,Geography: U.S. States,Moderately hard
What is the capital of Ohio?,,,,,Columbus,Geography: U.S. States,Moderately hard
What is the capital of Oklahoma?,,,,,Oklahoma City,Geography: U.S. States,Moderately hard
What is the capital of Oregon?,,,,,Salem,Geography: U.S. States,Moderately hard
What is the capital of Pennsylvania?,,,,,Harrisburg,Geography: U.S. States,Moderately hard
What is the capital of Rhode Island?,,,,,Providence,Geography: U.S. States,Moderately hard
What is the capital of South Carolina?,,,,,Columbia,Geography: U.S. States,Moderately hard
What is the capital of South Dakota?,,,,,Pierre,Geography: U.S. States,Moderately hard
What is the capital of Tennessee?,,,,,Nashville,Geography: U.S. States,Moderately hard
What is the capital of Texas?,,,,,Austin,Geography: U.S. States,Moderately hard
What is the capital of Utah?,,,,,Salt Lake City,Geography: U.S. States,Moderately hard
What is the capital of Vermont?,,,,,Montpelier,Geography: U.S. States,Moderately hard
What is the capital of Virginia?,,,,,Richmond,Geography: U.S. States,Moderately hard
What is the capital of Washington?,,,,,Olympia,Geography: U.S. States,Moderately hard
What is the capital of West Virginia?,,,,,Charleston,Geography: U.S. States,Moderately hard
What is the capital of Wisconsin?,,,,,Madison,Geography: U.S. States,Moderately hard
What is the capital of Wyoming?,,,,,Cheyenne,Geography: U.S. States,Moderately hard
What is the two-letter postal abbreviation for Alabama?,,,,,AL,Geography: U.S. States,Moderately hard
What is the two-letter postal abbreviation for Alaska?,,,,,AK,Geography: U.S. States,Moderately hard
What is the two-letter postal abbreviation for Arizona?,,,,,AZ,Geography: U.S. States,Moderately hard
What is the two-letter postal abbreviation for Arkansas?,,,,,AR,Geography: U.S. States,Moderately hard
What is the two-letter postal abbreviation for California?,,,,,CA,Geography: U.S. States,Moderately hard
What is the two-letter postal abbreviation for Colorado?,,,,,CO,Geography: U.S. States,Moderately hard
What is the two-letter postal abbreviation for Connecticut?,,,,,CT,Geography: U.S. States,Moderately hard
What is the two-letter postal abbreviation for Delaware?,,,,,DE,Geography: U.S. States,Moderately hard
What is the two-letter postal abbreviation for Florida?,,,,,FL,Geography: U.S. States,Moderately hard
What is the two-letter postal abbreviation for Georgia?,,,,,GA,Geography: U.S. States,Moderately hard
What is the two-letter postal abbreviation for Hawaii?,,,,,HI,Geography: U.S. States,Moderately hard
What is the two-letter postal abbreviation for Idaho?,,,,,ID,Geography: U.S. States,Moderately hard
What is the two-letter postal abbreviation for Illinois?,,,,,IL,Geography: U.S. States,Moderately hard
What is the two-letter postal abbreviation for Indiana?,,,,,IN,Geography: U.S. States,Moderately hard
What is the two-letter postal abbreviation for Iowa?,,,,,IA,Geography: U.S. States,Moderately hard
What is the two-letter postal abbreviation for Kansas?,,,,,KS,Geography: U.S. States,Moderately hard
What is the two-letter postal abbreviation for Kentucky?,,,,,KY,Geography: U.S. States,Moderately hard
What is the two-letter postal abbreviation for Louisiana?,,,,,LA,Geography: U.S. States,Moderately hard
What is the two-letter postal abbreviation for Maine?,,,,,ME,Geography: U.S. States,Moderately hard
What is the two-letter postal abbreviation for Maryland?,,,,,MD,Geography: U.S. States,Moderately hard
What is the two-letter postal abbreviation for Massachusetts?,,,,,MA,Geography: U.S. States,Moderately hard
What is the two-letter postal abbreviation for Michigan?,,,,,MI,Geography: U.S. States,Moderately hard
What is the two-letter postal abbreviation for Minnesota?,,,,,MN,Geography: U.S. States,Moderately hard
What is the two-letter postal abbreviation for Mississippi?,,,,,MS,Geography: U.S. States,Moderately hard
What is the two-letter postal abbreviation for Missouri?,,,,,MO,Geography: U.S. States,Moderately hard
What is the two-letter postal abbreviation for Montana?,,,,,MT,Geography: U.S. States,Moderately hard
What is the two-letter postal abbreviation for Nebraska?,,,,,NE,Geography: U.S. States,Moderately hard
What is the two-letter postal abbreviation for Nevada?,,,,,NV,Geography: U.S. States,Moderately hard
What is the two-letter postal abbreviation for New Hampshire?,,,,,NH,Geography: U.S. States,Moderately hard
What is the two-letter postal abbreviation for New Jersey?,,,,,NJ,Geography: U.S. States,Moderately hard
What is the two-letter postal abbreviation for New Mexico?,,,,,NM,Geography: U.S. States,Moderately hard
What is the two-letter postal abbreviation for New York?,,,,,NY,Geography: U.S. States,Moderately hard
What is the two-letter postal abbreviation for North Carolina?,,,,,NC,Geography: U.S. States,Moderately hard
What is the two-letter postal abbreviation for North Dakota?,,,,,ND,Geography: U.S. States,Moderately hard
What is the two-letter postal abbreviation for Ohio?,,,,,OH,Geography: U.S. States,Moderately hard
What is the two-letter postal abbreviation for Oklahoma?,,,,,OK,Geography: U.S. States,Moderately hard
What is the two-letter postal abbreviation for Oregon?,,,,,OR,Geography: U.S. States,Moderately hard
What is the two-letter postal abbreviation for Pennsylvania?,,,,,PA,Geography: U.S. States,Moderately hard
What is the two-letter postal abbreviation for Rhode Island?,,,,,RI,Geography: U.S. States,Moderately hard
What is the two-letter postal abbreviation for South Carolina?,,,,,SC,Geography: U.S. States,Moderately hard
What is the two-letter postal abbreviation for South Dakota?,,,,,SD,Geography: U.S. States,Moderately hard
What is the two-letter postal abbreviation for Tennessee?,,,,,TN,Geography: U.S. States,Moderately hard
What is the two-letter postal abbreviation for Texas?,,,,,TX,Geography: U.S. States,Moderately hard
What is the two-letter postal abbreviation for Utah?,,,,,UT,Geography: U.S. States,Moderately hard
What is the two-letter postal abbreviation for Vermont?,,,,,VT,Geography: U.S. States,Moderately hard
What is the two-letter postal abbreviation for Virginia?,,,,,VA,Geography: U.S. States,Moderately hard
What is the two-letter postal abbreviation for Washington?,,,,,WA,Geography: U.S. States,Moderately hard
What is the two-letter postal abbreviation for West Virginia?,,,,,WV,Geography: U.S. States,Moderately hard
What is the two-letter postal abbreviation for Wisconsin?,,,,,WI,Geography: U.S. States,Moderately hard
What is the two-letter postal abbreviation for Wyoming?,,,,,WY,Geography: U.S. States,Moderately hard
Who was the 1th president of the United States?,,,,,George Washington,History: U.S. Presidents,Moderately hard
Who was the 2th president of the United States?,,,,,John Adams,History: U.S. Presidents,Moderately hard
Who was the 3th president of the United States?,,,,,Thomas Jefferson,History: U.S. Presidents,Moderately hard
Who was the 4th president of the United States?,,,,,James Madison,History: U.S. Presidents,Moderately hard
Who was the 5th president of the United States?,,,,,James Monroe,History: U.S. Presidents,Moderately hard
Who was the 6th president of the United States?,,,,,John Quincy Adams,History: U.S. Presidents,Moderately hard
Who was the 7th president of the United States?,,,,,Andrew Jackson,History: U.S. Presidents,Moderately hard
Who was the 8th president of the United States?,,,,,Martin Van Buren,History: U.S. Presidents,Moderately hard
Who was the 9th president of the United States?,,,,,William Henry Harrison,History: U.S. Presidents,Moderately hard
Who was the 10th president of the United States?,,,,,John Tyler,History: U.S. Presidents,Moderately hard
Who was the 11th president of the United States?,,,,,James K. Polk,History: U.S. Presidents,Moderately hard
Who was the 12th president of the United States?,,,,,Zachary Taylor,History: U.S. Presidents,Moderately hard
Who was the 13th president of the United States?,,,,,Millard Fillmore,History: U.S. Presidents,Moderately hard
Who was the 14th president of the United States?,,,,,Franklin Pierce,History: U.S. Presidents,Moderately hard
Who was the 15th president of the United States?,,,,,James Buchanan,History: U.S. Presidents,Moderately hard
Who was the 16th president of the United States?,,,,,Abraham Lincoln,History: U.S. Presidents,Moderately hard
Who was the 17th president of the United States?,,,,,Andrew Johnson,History: U.S. Presidents,Moderately hard
Who was the 18th president of the United States?,,,,,Ulysses S. Grant,History: U.S. Presidents,Moderately hard
Who was the 19th president of the United States?,,,,,Rutherford B. Hayes,History: U.S. Presidents,Moderately hard
Who was the 20th president of the United States?,,,,,James A. Garfield,History: U.S. Presidents,Moderately hard
Who was the 21th president of the United States?,,,,,Chester A. Arthur,History: U.S. Presidents,Moderately hard
Who was the 22th president of the United States?,,,,,Grover Cleveland,History: U.S. Presidents,Moderately hard
Who was the 23th president of the United States?,,,,,Benjamin Harrison,History: U.S. Presidents,Moderately hard
Who was the 24th president of the United States?,,,,,Grover Cleveland,History: U.S. Presidents,Moderately hard
Who was the 25th president of the United States?,,,,,William McKinley,History: U.S. Presidents,Moderately hard
Who was the 26th president of the United States?,,,,,Theodore Roosevelt,History: U.S. Presidents,Moderately hard
Who was the 27th president of the United States?,,,,,William Howard Taft,History: U.S. Presidents,Moderately hard
Who was the 28th president of the United States?,,,,,Woodrow Wilson,History: U.S. Presidents,Moderately hard
Who was the 29th president of the United States?,,,,,Warren G. Harding,History: U.S. Presidents,Moderately hard
Who was the 30th president of the United States?,,,,,Calvin Coolidge,History: U.S. Presidents,Moderately hard
Who was the 31th president of the United States?,,,,,Herbert Hoover,History: U.S. Presidents,Moderately hard
Who was the 32th president of the United States?,,,,,Franklin D. Roosevelt,History: U.S. Presidents,Moderately hard
Who was the 33th president of the United States?,,,,,Harry S. Truman,History: U.S. Presidents,Moderately hard
Who was the 34th president of the United States?,,,,,Dwight D. Eisenhower,History: U.S. Presidents,Moderately hard
Who was the 35th president of the United States?,,,,,John F. Kennedy,History: U.S. Presidents,Moderately hard
Who was the 36th president of the United States?,,,,,Lyndon B. Johnson,History: U.S. Presidents,Moderately hard
Who was the 37th president of the United States?,,,,,Richard Nixon,History: U.S. Presidents,Moderately hard
Who was the 38th president of the United States?,,,,,Gerald Ford,History: U.S. Presidents,Moderately hard
Who was the 39th president of the United States?,,,,,Jimmy Carter,History: U.S. Presidents,Moderately hard
Who was the 40th president of the United States?,,,,,Ronald Reagan,History: U.S. Presidents,Moderately hard
Who was the 41th president of the United States?,,,,,George H. W. Bush,History: U.S. Presidents,Moderately hard
Who was the 42th president of the United States?,,,,,Bill Clinton,History: U.S. Presidents,Moderately hard
Who was the 43th president of the United States?,,,,,George W. Bush,History: U.S. Presidents,Moderately hard
Who was the 44th president of the United States?,,,,,Barack Obama,History: U.S. Presidents,Moderately hard
Who was the 45th president of the United States?,,,,,Donald Trump,History: U.S. Presidents,Moderately hard
Who was the 46th president of the United States?,,,,,Joe Biden,History: U.S. Presidents,Moderately hard
Which U.S. president immediately followed George Washington?,,,,,John Adams,History: U.S. Presidents,Moderately hard
Which U.S. president immediately followed John Adams?,,,,,Thomas Jefferson,History: U.S. Presidents,Moderately hard
Which U.S. president immediately followed Thomas Jefferson?,,,,,James Madison,History: U.S. Presidents,Moderately hard
Which U.S. president immediately followed James Madison?,,,,,James Monroe,History: U.S. Presidents,Moderately hard
Which U.S. president immediately followed James Monroe?,,,,,John Quincy Adams,History: U.S. Presidents,Moderately hard
Which U.S. president immediately followed John Quincy Adams?,,,,,Andrew Jackson,History: U.S. Presidents,Moderately hard
Which U.S. president immediately followed Andrew Jackson?,,,,,Martin Van Buren,History: U.S. Presidents,Moderately hard
Which U.S. president immediately followed Martin Van Buren?,,,,,William Henry Harrison,History: U.S. Presidents,Moderately hard
Which U.S. president immediately followed William Henry Harrison?,,,,,John Tyler,History: U.S. Presidents,Moderately hard
Which U.S. president immediately followed John Tyler?,,,,,James K. Polk,History: U.S. Presidents,Moderately hard
Which U.S. president immediately followed James K. Polk?,,,,,Zachary Taylor,History: U.S. Presidents,Moderately hard
Which U.S. president immediately followed Zachary Taylor?,,,,,Millard Fillmore,History: U.S. Presidents,Moderately hard
Which U.S. president immediately followed Millard Fillmore?,,,,,Franklin Pierce,History: U.S. Presidents,Moderately hard
Which U.S. president immediately followed Franklin Pierce?,,,,,James Buchanan,History: U.S. Presidents,Moderately hard
Which U.S. president immediately followed James Buchanan?,,,,,Abraham Lincoln,History: U.S. Presidents,Moderately hard
Which U.S. president immediately followed Abraham Lincoln?,,,,,Andrew Johnson,History: U.S. Presidents,Moderately hard
Which U.S. president immediately followed Andrew Johnson?,,,,,Ulysses S. Grant,History: U.S. Presidents,Moderately hard
Which U.S. president immediately followed Ulysses S. Grant?,,,,,Rutherford B. Hayes,History: U.S. Presidents,Moderately hard
Which U.S. president immediately followed Rutherford B. Hayes?,,,,,James A. Garfield,History: U.S. Presidents,Moderately hard
Which U.S. president immediately followed James A. Garfield?,,,,,Chester A. Arthur,History: U.S. Presidents,Moderately hard
Which U.S. president immediately followed Chester A. Arthur?,,,,,Grover Cleveland,History: U.S. Presidents,Moderately hard
Which U.S. president immediately followed Grover Cleveland?,,,,,Benjamin Harrison,History: U.S. Presidents,Moderately hard
Which U.S. president immediately followed Benjamin Harrison?,,,,,Grover Cleveland,History: U.S. Presidents,Moderately hard
Which U.S. president immediately followed Grover Cleveland?,,,,,William McKinley,History: U.S. Presidents,Moderately hard
Which U.S. president immediately followed William McKinley?,,,,,Theodore Roosevelt,History: U.S. Presidents,Moderately hard
Which U.S. president immediately followed Theodore Roosevelt?,,,,,William Howard Taft,History: U.S. Presidents,Moderately hard
Which U.S. president immediately followed William Howard Taft?,,,,,Woodrow Wilson,History: U.S. Presidents,Moderately hard
Which U.S. president immediately followed Woodrow Wilson?,,,,,Warren G. Harding,History: U.S. Presidents,Moderately hard
Which U.S. president immediately followed Warren G. Harding?,,,,,Calvin Coolidge,History: U.S. Presidents,Moderately hard
Which U.S. president immediately followed Calvin Coolidge?,,,,,Herbert Hoover,History: U.S. Presidents,Moderately hard
Which U.S. president immediately followed Herbert Hoover?,,,,,Franklin D. Roosevelt,History: U.S. Presidents,Moderately hard
Which U.S. president immediately followed Franklin D. Roosevelt?,,,,,Harry S. Truman,History: U.S. Presidents,Moderately hard
Which U.S. president immediately followed Harry S. Truman?,,,,,Dwight D. Eisenhower,History: U.S. Presidents,Moderately hard
Which U.S. president immediately followed Dwight D. Eisenhower?,,,,,John F. Kennedy,History: U.S. Presidents,Moderately hard
Which U.S. president immediately followed John F. Kennedy?,,,,,Lyndon B. Johnson,History: U.S. Presidents,Moderately hard
Which U.S. president immediately followed Lyndon B. Johnson?,,,,,Richard Nixon,History: U.S. Presidents,Moderately hard
Which U.S. president immediately followed Richard Nixon?,,,,,Gerald Ford,History: U.S. Presidents,Moderately hard
Which U.S. president immediately followed Gerald Ford?,,,,,Jimmy Carter,History: U.S. Presidents,Moderately hard
Which U.S. president immediately followed Jimmy Carter?,,,,,Ronald Reagan,History: U.S. Presidents,Moderately hard
Which U.S. president immediately followed Ronald Reagan?,,,,,George H. W. Bush,History: U.S. Presidents,Moderately hard
Which U.S. president immediately followed George H. W. Bush?,,,,,Bill Clinton,History: U.S. Presidents,Moderately hard
Which U.S. president immediately followed Bill Clinton?,,,,,George W. Bush,History: U.S. Presidents,Moderately hard
Which U.S. president immediately followed George W. Bush?,,,,,Barack Obama,History: U.S. Presidents,Moderately hard
Which U.S. president immediately followed Barack Obama?,,,,,Donald Trump,History: U.S. Presidents,Moderately hard
Which U.S. president immediately followed Donald Trump?,,,,,Joe Biden,History: U.S. Presidents,Moderately hard
What is the capital of Afghanistan?,,,,,Kabul,Geography: World Capitals,Moderately hard
What is the capital of Albania?,,,,,Tirana,Geography: World Capitals,Moderately hard
What is the capital of Algeria?,,,,,Algiers,Geography: World Capitals,Moderately hard
What is the capital of Andorra?,,,,,Andorra la Vella,Geography: World Capitals,Moderately hard
What is the capital of Angola?,,,,,Luanda,Geography: World Capitals,Moderately hard
What is the capital of Argentina?,,,,,Buenos Aires,Geography: World Capitals,Moderately hard
What is the capital of Armenia?,,,,,Yerevan,Geography: World Capitals,Moderately hard
What is the capital of Australia?,,,,,Canberra,Geography: World Capitals,Moderately hard
What is the capital of Austria?,,,,,Vienna,Geography: World Capitals,Moderately hard
What is the capital of Azerbaijan?,,,,,Baku,Geography: World Capitals,Moderately hard
What is the capital of Bahamas?,,,,,Nassau,Geography: World Capitals,Moderately hard
What is the capital of Bahrain?,,,,,Manama,Geography: World Capitals,Moderately hard
What is the capital of Bangladesh?,,,,,Dhaka,Geography: World Capitals,Moderately hard
What is the capital of Belarus?,,,,,Minsk,Geography: World Capitals,Moderately hard
What is the capital of Belgium?,,,,,Brussels,Geography: World Capitals,Moderately hard
What is the capital of Belize?,,,,,Belmopan,Geography: World Capitals,Moderately hard
What is the capital of Benin?,,,,,Porto-Novo,Geography: World Capitals,Moderately hard
What is the capital of Bhutan?,,,,,Thimphu,Geography: World Capitals,Moderately hard
What is the capital of Bolivia?,,,,,Sucre,Geography: World Capitals,Moderately hard
What is the capital of Bosnia and Herzegovina?,,,,,Sarajevo,Geography: World Capitals,Moderately hard
What is the capital of Botswana?,,,,,Gaborone,Geography: World Capitals,Moderately hard
What is the capital of Brazil?,,,,,Brasilia,Geography: World Capitals,Moderately hard
What is the capital of Brunei?,,,,,Bandar Seri Begawan,Geography: World Capitals,Moderately hard
What is the capital of Bulgaria?,,,,,Sofia,Geography: World Capitals,Moderately hard
What is the capital of Burkina Faso?,,,,,Ouagadougou,Geography: World Capitals,Moderately hard
What is the capital of Burundi?,,,,,Gitega,Geography: World Capitals,Moderately hard
What is the capital of Cambodia?,,,,,Phnom Penh,Geography: World Capitals,Moderately hard
What is the capital of Cameroon?,,,,,Yaounde,Geography: World Capitals,Moderately hard
What is the capital of Canada?,,,,,Ottawa,Geography: World Capitals,Moderately hard
What is the capital of Chad?,,,,,N'Djamena,Geography: World Capitals,Moderately hard
What is the capital of Chile?,,,,,Santiago,Geography: World Capitals,Moderately hard
What is the capital of China?,,,,,Beijing,Geography: World Capitals,Moderately hard
What is the capital of Colombia?,,,,,Bogota,Geography: World Capitals,Moderately hard
What is the capital of Costa Rica?,,,,,San Jose,Geography: World Capitals,Moderately hard
What is the capital of Croatia?,,,,,Zagreb,Geography: World Capitals,Moderately hard
What is the capital of Cuba?,,,,,Havana,Geography: World Capitals,Moderately hard
What is the capital of Cyprus?,,,,,Nicosia,Geography: World Capitals,Moderately hard
What is the capital of Czech Republic?,,,,,Prague,Geography: World Capitals,Moderately hard
What is the capital of Denmark?,,,,,Copenhagen,Geography: World Capitals,Moderately hard
What is the capital of Dominican Republic?,,,,,Santo Domingo,Geography: World Capitals,Moderately hard
What is the capital of Ecuador?,,,,,Quito,Geography: World Capitals,Moderately hard
What is the capital of Egypt?,,,,,Cairo,Geography: World Capitals,Moderately hard
What is the capital of El Salvador?,,,,,San Salvador,Geography: World Capitals,Moderately hard
What is the capital of Estonia?,,,,,Tallinn,Geography: World Capitals,Moderately hard
What is the capital of Ethiopia?,,,,,Addis Ababa,Geography: World Capitals,Moderately hard
What is the capital of Finland?,,,,,Helsinki,Geography: World Capitals,Moderately hard
What is the capital of France?,,,,,Paris,Geography: World Capitals,Moderately hard
What is the capital of Gabon?,,,,,Libreville,Geography: World Capitals,Moderately hard
What is the capital of Georgia?,,,,,Tbilisi,Geography: World Capitals,Moderately hard
What is the capital of Germany?,,,,,Berlin,Geography: World Capitals,Moderately hard
What is the capital of Ghana?,,,,,Accra,Geography: World Capitals,Moderately hard
What is the capital of Greece?,,,,,Athens,Geography: World Capitals,Moderately hard
What is the capital of Guatemala?,,,,,Guatemala City,Geography: World Capitals,Moderately hard
What is the capital of Guinea?,,,,,Conakry,Geography: World Capitals,Moderately hard
What is the capital of Guyana?,,,,,Georgetown,Geography: World Capitals,Moderately hard
What is the capital of Haiti?,,,,,Port-au-Prince,Geography: World Capitals,Moderately hard
What is the capital of Honduras?,,,,,Tegucigalpa,Geography: World Capitals,Moderately hard
What is the capital of Hungary?,,,,,Budapest,Geography: World Capitals,Moderately hard
What is the capital of Iceland?,,,,,Reykjavik,Geography: World Capitals,Moderately hard
What is the capital of India?,,,,,New Delhi,Geography: World Capitals,Moderately hard
What is the capital of Indonesia?,,,,,Jakarta,Geography: World Capitals,Moderately hard
What is the capital of Iran?,,,,,Tehran,Geography: World Capitals,Moderately hard
What is the capital of Iraq?,,,,,Baghdad,Geography: World Capitals,Moderately hard
What is the capital of Ireland?,,,,,Dublin,Geography: World Capitals,Moderately hard
What is the capital of Israel?,,,,,Jerusalem,Geography: World Capitals,Moderately hard
What is the capital of Italy?,,,,,Rome,Geography: World Capitals,Moderately hard
What is the capital of Jamaica?,,,,,Kingston,Geography: World Capitals,Moderately hard
What is the capital of Japan?,,,,,Tokyo,Geography: World Capitals,Moderately hard
What is the capital of Jordan?,,,,,Amman,Geography: World Capitals,Moderately hard
What is the capital of Kazakhstan?,,,,,Astana,Geography: World Capitals,Moderately hard
What is the capital of Kenya?,,,,,Nairobi,Geography: World Capitals,Moderately hard
What is the capital of Kuwait?,,,,,Kuwait City,Geography: World Capitals,Moderately hard
What is the capital of Kyrgyzstan?,,,,,Bishkek,Geography: World Capitals,Moderately hard
What is the capital of Laos?,,,,,Vientiane,Geography: World Capitals,Moderately hard
What is the capital of Latvia?,,,,,Riga,Geography: World Capitals,Moderately hard
What is the capital of Lebanon?,,,,,Beirut,Geography: World Capitals,Moderately hard
What is the capital of Lesotho?,,,,,Maseru,Geography: World Capitals,Moderately hard
What is the capital of Liberia?,,,,,Monrovia,Geography: World Capitals,Moderately hard
What is the capital of Libya?,,,,,Tripoli,Geography: World Capitals,Moderately hard
What is the capital of Lithuania?,,,,,Vilnius,Geography: World Capitals,Moderately hard
What is the capital of Luxembourg?,,,,,Luxembourg City,Geography: World Capitals,Moderately hard
What is the capital of Madagascar?,,,,,Antananarivo,Geography: World Capitals,Moderately hard
What is the capital of Malawi?,,,,,Lilongwe,Geography: World Capitals,Moderately hard
What is the capital of Malaysia?,,,,,Kuala Lumpur,Geography: World Capitals,Moderately hard
What is the capital of Maldives?,,,,,Male,Geography: World Capitals,Moderately hard
What is the capital of Mali?,,,,,Bamako,Geography: World Capitals,Moderately hard
What is the capital of Malta?,,,,,Valletta,Geography: World Capitals,Moderately hard
What is the capital of Mauritania?,,,,,Nouakchott,Geography: World Capitals,Moderately hard
What is the capital of Mexico?,,,,,Mexico City,Geography: World Capitals,Moderately hard
What is the capital of Moldova?,,,,,Chisinau,Geography: World Capitals,Moderately hard
What is the capital of Mongolia?,,,,,Ulaanbaatar,Geography: World Capitals,Moderately hard
What is the capital of Montenegro?,,,,,Podgorica,Geography: World Capitals,Moderately hard
What is the capital of Morocco?,,,,,Rabat,Geography: World Capitals,Moderately hard
What is the capital of Mozambique?,,,,,Maputo,Geography: World Capitals,Moderately hard
What is the capital of Myanmar?,,,,,Naypyidaw,Geography: World Capitals,Moderately hard
What is the capital of Namibia?,,,,,Windhoek,Geography: World Capitals,Moderately hard
What is the capital of Nepal?,,,,,Kathmandu,Geography: World Capitals,Moderately hard
What is the capital of Netherlands?,,,,,Amsterdam,Geography: World Capitals,Moderately hard
What is the capital of New Zealand?,,,,,Wellington,Geography: World Capitals,Moderately hard
What is the capital of Nicaragua?,,,,,Managua,Geography: World Capitals,Moderately hard
In what year did the Battle of Hastings?,,,,,1066,History: World Events,Moderately hard
In what year did Magna Carta was sealed?,,,,,1215,History: World Events,Moderately hard
In what year did Constantinople fell to the Ottoman Empire?,,,,,1453,History: World Events,Moderately hard
In what year did Columbus first reached the Caribbean?,,,,,1492,History: World Events,Moderately hard
In what year did Martin Luther posted the Ninety-five Theses?,,,,,1517,History: World Events,Moderately hard
In what year did the Spanish Armada was defeated?,,,,,1588,History: World Events,Moderately hard
In what year did the English Civil War began?,,,,,1642,History: World Events,Moderately hard
In what year did the Great Fire of London occurred?,,,,,1666,History: World Events,Moderately hard
In what year did the Act of Union created Great Britain?,,,,,1707,History: World Events,Moderately hard
In what year did the Boston Tea Party occurred?,,,,,1773,History: World Events,Moderately hard
In what year did the American Declaration of Independence was adopted?,,,,,1776,History: World Events,Moderately hard
In what year did the French Revolution began?,,,,,1789,History: World Events,Moderately hard
In what year did the Haitian Revolution began?,,,,,1791,History: World Events,Moderately hard
In what year did the Louisiana Purchase was completed?,,,,,1803,History: World Events,Moderately hard
In what year did Napoleon was defeated at Waterloo?,,,,,1815,History: World Events,Moderately hard
In what year did the Monroe Doctrine was announced?,,,,,1823,History: World Events,Moderately hard
In what year did the Trail of Tears began?,,,,,1830,History: World Events,Moderately hard
In what year did the Communist Manifesto was published?,,,,,1848,History: World Events,Moderately hard
In what year did the American Civil War began?,,,,,1861,History: World Events,Moderately hard
In what year did the Emancipation Proclamation took effect?,,,,,1863,History: World Events,Moderately hard
In what year did Abraham Lincoln was assassinated?,,,,,1865,History: World Events,Moderately hard
In what year did Canada became a self-governing dominion?,,,,,1867,History: World Events,Moderately hard
In what year did Germany was unified under Prussian leadership?,,,,,1871,History: World Events,Moderately hard
In what year did the Battle of Little Bighorn occurred?,,,,,1876,History: World Events,Moderately hard
In what year did the Berlin Conference began?,,,,,1884,History: World Events,Moderately hard
In what year did the Eiffel Tower opened?,,,,,1889,History: World Events,Moderately hard
In what year did the Spanish-American War began?,,,,,1898,History: World Events,Moderately hard
In what year did Queen Victoria died?,,,,,1901,History: World Events,Moderately hard
In what year did the Wright brothers made their first powered flight?,,,,,1903,History: World Events,Moderately hard
In what year did the Russo-Japanese War began?,,,,,1904,History: World Events,Moderately hard
In what year did the Titanic sank?,,,,,1912,History: World Events,Moderately hard
In what year did World War I began?,,,,,1914,History: World Events,Moderately hard
In what year did the Easter Rising took place?,,,,,1916,History: World Events,Moderately hard
In what year did the Russian Revolution occurred?,,,,,1917,History: World Events,Moderately hard
In what year did World War I ended?,,,,,1918,History: World Events,Moderately hard
In what year did the Treaty of Versailles was signed?,,,,,1919,History: World Events,Moderately hard
In what year did the Ottoman sultanate was abolished?,,,,,1922,History: World Events,Moderately hard
In what year did the Great Depression began with the Wall Street crash?,,,,,1929,History: World Events,Moderately hard
In what year did the Salt March took place?,,,,,1930,History: World Events,Moderately hard
In what year did Hitler became chancellor of Germany?,,,,,1933,History: World Events,Moderately hard
In what year did World War II began in Europe?,,,,,1939,History: World Events,Moderately hard
In what year did the attack on Pearl Harbor occurred?,,,,,1941,History: World Events,Moderately hard
In what year did D-Day landings occurred in Normandy?,,,,,1944,History: World Events,Moderately hard
In what year did World War II ended?,,,,,1945,History: World Events,Moderately hard
In what year did India and Pakistan gained independence?,,,,,1947,History: World Events,Moderately hard
In what year did NATO was founded?,,,,,1949,History: World Events,Moderately hard
In what year did the Korean War began?,,,,,1950,History: World Events,Moderately hard
In what year did the first successful Everest summit occurred?,,,,,1953,History: World Events,Moderately hard
In what year did the Montgomery bus boycott began?,,,,,1955,History: World Events,Moderately hard
In what year did the Suez Crisis occurred?,,,,,1956,History: World Events,Moderately hard
In what year did Sputnik 1 was launched?,,,,,1957,History: World Events,Moderately hard
In what year did the Berlin Wall was built?,,,,,1961,History: World Events,Moderately hard
In what year did the Cuban Missile Crisis occurred?,,,,,1962,History: World Events,Moderately hard
In what year did the March on Washington occurred?,,,,,1963,History: World Events,Moderately hard
In what year did the Voting Rights Act was signed?,,,,,1965,History: World Events,Moderately hard
In what year did the Six-Day War occurred?,,,,,1967,History: World Events,Moderately hard
In what year did humans first landed on the Moon?,,,,,1969,History: World Events,Moderately hard
In what year did the Watergate break-in occurred?,,,,,1972,History: World Events,Moderately hard
In what year did the Yom Kippur War occurred?,,,,,1973,History: World Events,Moderately hard
In what year did Saigon fell?,,,,,1975,History: World Events,Moderately hard
In what year did the Iranian Revolution culminated?,,,,,1979,History: World Events,Moderately hard
In what year did the Falklands War occurred?,,,,,1982,History: World Events,Moderately hard
In what year did the Chernobyl disaster occurred?,,,,,1986,History: World Events,Moderately hard
In what year did the Berlin Wall fell?,,,,,1989,History: World Events,Moderately hard
In what year did Nelson Mandela was released from prison?,,,,,1990,History: World Events,Moderately hard
In what year did the Soviet Union dissolved?,,,,,1991,History: World Events,Moderately hard
In what year did the Rwandan genocide occurred?,,,,,1994,History: World Events,Moderately hard
In what year did the Good Friday Agreement was signed?,,,,,1998,History: World Events,Moderately hard
In what year did the September 11 attacks occurred?,,,,,2001,History: World Events,Moderately hard
In what year did the Iraq War began?,,,,,2003,History: World Events,Moderately hard
In what year did the Indian Ocean tsunami occurred?,,,,,2004,History: World Events,Moderately hard
In what year did Hurricane Katrina struck the U.S. Gulf Coast?,,,,,2005,History: World Events,Moderately hard
In what year did the global financial crisis peaked with Lehman Brothers collapse?,,,,,2008,History: World Events,Moderately hard
In what year did the Arab Spring began in Tunisia?,,,,,2010,History: World Events,Moderately hard
In what year did the Fukushima nuclear disaster occurred?,,,,,2011,History: World Events,Moderately hard
In what year did the Brexit referendum was held?,,,,,2016,History: World Events,Moderately hard
In what year did the COVID-19 pandemic was declared by WHO?,,,,,2020,History: World Events,Moderately hard
In what year did Russia launched a full-scale invasion of Ukraine?,,,,,2022,History: World Events,Moderately hard
In what year did the first modern Olympic Games were held in Athens?,,,,,1896,History: World Events,Moderately hard
In what year did the United Nations was founded?,,,,,1945,History: World Events,Moderately hard
In what year did the U.S. Constitution took effect?,,,,,1789,History: World Events,Moderately hard
In what year did the Battle of Agincourt occurred?,,,,,1415,History: World Events,Moderately hard
In what year did the Black Death reached Europe?,,,,,1347,History: World Events,Moderately hard
In what year did the Hundred Years War began?,,,,,1337,History: World Events,Moderately hard
In what year did the Ming dynasty was founded?,,,,,1368,History: World Events,Moderately hard
In what year did the Qing dynasty began ruling China?,,,,,1644,History: World Events,Moderately hard
In what year did the Meiji Restoration began?,,,,,1868,History: World Events,Moderately hard
In what year did the Opium War began?,,,,,1839,History: World Events,Moderately hard
In what year did the Boxer Rebellion began?,,,,,1899,History: World Events,Moderately hard
In what year did the Taiping Rebellion began?,,,,,1850,History: World Events,Moderately hard
Who wrote Things Fall Apart?,,,,,Chinua Achebe,Literature,Moderately hard
Who wrote Pride and Prejudice?,,,,,Jane Austen,Literature,Moderately hard
Who wrote Sense and Sensibility?,,,,,Jane Austen,Literature,Moderately hard
Who wrote Mansfield Park?,,,,,Jane Austen,Literature,Moderately hard
Who wrote The Handmaid's Tale?,,,,,Margaret Atwood,Literature,Moderately hard
Who wrote Oryx and Crake?,,,,,Margaret Atwood,Literature,Moderately hard
Who wrote The Stranger?,,,,,Albert Camus,Literature,Moderately hard
Who wrote The Plague?,,,,,Albert Camus,Literature,Moderately hard
Who wrote Don Quixote?,,,,,Miguel de Cervantes,Literature,Moderately hard
Who wrote Heart of Darkness?,,,,,Joseph Conrad,Literature,Moderately hard
Who wrote Lord Jim?,,,,,Joseph Conrad,Literature,Moderately hard
Who wrote The Red Badge of Courage?,,,,,Stephen Crane,Literature,Moderately hard
Who wrote Robinson Crusoe?,,,,,Daniel Defoe,Literature,Moderately hard
Who wrote Great Expectations?,,,,,Charles Dickens,Literature,Moderately hard
Who wrote Bleak House?,,,,,Charles Dickens,Literature,Moderately hard
Who wrote David Copperfield?,,,,,Charles Dickens,Literature,Moderately hard
Who wrote Crime and Punishment?,,,,,Fyodor Dostoevsky,Literature,Moderately hard
Who wrote The Brothers Karamazov?,,,,,Fyodor Dostoevsky,Literature,Moderately hard
Who wrote The Idiot?,,,,,Fyodor Dostoevsky,Literature,Moderately hard
Who wrote Invisible Man?,,,,,Ralph Ellison,Literature,Moderately hard
Who wrote Middlemarch?,,,,,George Eliot,Literature,Moderately hard
Who wrote Silas Marner?,,,,,George Eliot,Literature,Moderately hard
Who wrote The Sound and the Fury?,,,,,William Faulkner,Literature,Moderately hard
Who wrote As I Lay Dying?,,,,,William Faulkner,Literature,Moderately hard
Who wrote Madame Bovary?,,,,,Gustave Flaubert,Literature,Moderately hard
Who wrote The Great Gatsby?,,,,,F. Scott Fitzgerald,Literature,Moderately hard
Who wrote Tender Is the Night?,,,,,F. Scott Fitzgerald,Literature,Moderately hard
Who wrote One Hundred Years of Solitude?,,,,,Gabriel Garcia Marquez,Literature,Moderately hard
Who wrote Love in the Time of Cholera?,,,,,Gabriel Garcia Marquez,Literature,Moderately hard
Who wrote Lord of the Flies?,,,,,William Golding,Literature,Moderately hard
Who wrote The Tin Drum?,,,,,Gunter Grass,Literature,Moderately hard
Who wrote The Scarlet Letter?,,,,,Nathaniel Hawthorne,Literature,Moderately hard
Who wrote Catch-22?,,,,,Joseph Heller,Literature,Moderately hard
Who wrote A Farewell to Arms?,,,,,Ernest Hemingway,Literature,Moderately hard
Who wrote The Sun Also Rises?,,,,,Ernest Hemingway,Literature,Moderately hard
Who wrote The Old Man and the Sea?,,,,,Ernest Hemingway,Literature,Moderately hard
Who wrote Their Eyes Were Watching God?,,,,,Zora Neale Hurston,Literature,Moderately hard
Who wrote A Doll's House?,,,,,Henrik Ibsen,Literature,Moderately hard
Who wrote The Portrait of a Lady?,,,,,Henry James,Literature,Moderately hard
Who wrote The Turn of the Screw?,,,,,Henry James,Literature,Moderately hard
Who wrote Ulysses?,,,,,James Joyce,Literature,Moderately hard
Who wrote Dubliners?,,,,,James Joyce,Literature,Moderately hard
Who wrote The Trial?,,,,,Franz Kafka,Literature,Moderately hard
Who wrote The Metamorphosis?,,,,,Franz Kafka,Literature,Moderately hard
Who wrote To Kill a Mockingbird?,,,,,Harper Lee,Literature,Moderately hard
Who wrote The Golden Notebook?,,,,,Doris Lessing,Literature,Moderately hard
Who wrote The Call of the Wild?,,,,,Jack London,Literature,Moderately hard
Who wrote The Magic Mountain?,,,,,Thomas Mann,Literature,Moderately hard
Who wrote Moby-Dick?,,,,,Herman Melville,Literature,Moderately hard
Who wrote Beloved?,,,,,Toni Morrison,Literature,Moderately hard
Who wrote Song of Solomon?,,,,,Toni Morrison,Literature,Moderately hard
Who wrote Lolita?,,,,,Vladimir Nabokov,Literature,Moderately hard
Who wrote Nineteen Eighty-Four?,,,,,George Orwell,Literature,Moderately hard
Who wrote Animal Farm?,,,,,George Orwell,Literature,Moderately hard
Who wrote Doctor Zhivago?,,,,,Boris Pasternak,Literature,Moderately hard
Who wrote The Bell Jar?,,,,,Sylvia Plath,Literature,Moderately hard
Who wrote In Search of Lost Time?,,,,,Marcel Proust,Literature,Moderately hard
Who wrote All Quiet on the Western Front?,,,,,Erich Maria Remarque,Literature,Moderately hard
Who wrote Midnight's Children?,,,,,Salman Rushdie,Literature,Moderately hard
Who wrote The Catcher in the Rye?,,,,,J. D. Salinger,Literature,Moderately hard
Who wrote Frankenstein?,,,,,Mary Shelley,Literature,Moderately hard
Who wrote East of Eden?,,,,,John Steinbeck,Literature,Moderately hard
Who wrote The Grapes of Wrath?,,,,,John Steinbeck,Literature,Moderately hard
Who wrote Dracula?,,,,,Bram Stoker,Literature,Moderately hard
Who wrote Gulliver's Travels?,,,,,Jonathan Swift,Literature,Moderately hard
Who wrote War and Peace?,,,,,Leo Tolstoy,Literature,Moderately hard
Who wrote Anna Karenina?,,,,,Leo Tolstoy,Literature,Moderately hard
Who wrote The Adventures of Huckleberry Finn?,,,,,Mark Twain,Literature,Moderately hard
Who wrote Slaughterhouse-Five?,,,,,Kurt Vonnegut,Literature,Moderately hard
Who wrote The Color Purple?,,,,,Alice Walker,Literature,Moderately hard
Who wrote Brideshead Revisited?,,,,,Evelyn Waugh,Literature,Moderately hard
Who wrote The Age of Innocence?,,,,,Edith Wharton,Literature,Moderately hard
Who wrote Mrs Dalloway?,,,,,Virginia Woolf,Literature,Moderately hard
Who wrote To the Lighthouse?,,,,,Virginia Woolf,Literature,Moderately hard
Who wrote Native Son?,,,,,Richard Wright,Literature,Moderately hard
Who wrote The Book Thief?,,,,,Markus Zusak,Literature,Moderately hard
Who wrote The Name of the Rose?,,,,,Umberto Eco,Literature,Moderately hard
Who wrote The Leopard?,,,,,Giuseppe Tomasi di Lampedusa,Literature,Moderately hard
Who wrote The Master and Margarita?,,,,,Mikhail Bulgakov,Literature,Moderately hard
Who wrote The Remains of the Day?,,,,,Kazuo Ishiguro,Literature,Moderately hard
Who wrote Never Let Me Go?,,,,,Kazuo Ishiguro,Literature,Moderately hard
Who wrote Life of Pi?,,,,,Yann Martel,Literature,Moderately hard
Who wrote The English Patient?,,,,,Michael Ondaatje,Literature,Moderately hard
Who wrote The Wind-Up Bird Chronicle?,,,,,Haruki Murakami,Literature,Moderately hard
Who wrote The God of Small Things?,,,,,Arundhati Roy,Literature,Moderately hard
Who wrote White Teeth?,,,,,Zadie Smith,Literature,Moderately hard
Who wrote The House of the Spirits?,,,,,Isabel Allende,Literature,Moderately hard
Who wrote The Blind Assassin?,,,,,Margaret Atwood,Literature,Moderately hard
Who wrote The Sea?,,,,,John Banville,Literature,Moderately hard
Who wrote Atonement?,,,,,Ian McEwan,Literature,Moderately hard
"Which planet has the largest moon in the Solar System, Ganymede?",,,,,Jupiter,Science: General,Moderately hard
What is the largest moon of Saturn?,,,,,Titan,Science: General,Moderately hard
Which planet has a day longer than its year?,,,,,Venus,Science: General,Moderately hard
What dwarf planet was visited by NASA's New Horizons mission in 2015?,,,,,Pluto,Science: General,Moderately hard
What is the most abundant gas in Earth's atmosphere?,,,,,Nitrogen,Science: General,Moderately hard
What is the process by which plants lose water vapor through leaves?,,,,,Transpiration,Science: General,Moderately hard
What organelle is the main site of photosynthesis?,,,,,Chloroplast,Science: General,Moderately hard
What molecule carries genetic information in most living organisms?,,,,,DNA,Science: General,Moderately hard
What is the name of the first synthetic plastic?,,,,,Bakelite,Science: General,Moderately hard
What is the SI unit of electric current?,,,,,Ampere,Science: General,Moderately hard
What is the SI unit of force?,,,,,Newton,Science: General,Moderately hard
What is the SI unit of pressure?,,,,,Pascal,Science: General,Moderately hard
What is the SI unit of frequency?,,,,,Hertz,Science: General,Moderately hard
What is the SI unit of energy?,,,,,Joule,Science: General,Moderately hard
What is the SI unit of power?,,,,,Watt,Science: General,Moderately hard
What is the pH of a neutral aqueous solution at 25 degrees Celsius?,,,,,7,Science: General,Moderately hard
What subatomic particle has a negative electric charge?,,,,,Electron,Science: General,Moderately hard
What subatomic particle has no electric charge?,,,,,Neutron,Science: General,Moderately hard
Which scientist formulated the laws of motion and universal gravitation?,,,,,Isaac Newton,Science: General,Moderately hard
Which scientist proposed general relativity?,,,,,Albert Einstein,Science: General,Moderately hard
Who developed the first successful polio vaccine?,,,,,Jonas Salk,Science: General,Moderately hard
Who discovered penicillin?,,,,,Alexander Fleming,Science: General,Moderately hard
What is the hardest naturally occurring mineral?,,,,,Diamond,Science: General,Moderately hard
What is the mineral form of sodium chloride called?,,,,,Halite,Science: General,Moderately hard
What type of rock is formed by cooling magma or lava?,,,,,Igneous rock,Science: General,Moderately hard
What type of celestial object is a pulsar?,,,,,A rotating neutron star,Science: General,Moderately hard
What is the boundary around a black hole beyond which light cannot escape?,,,,,Event horizon,Science: General,Moderately hard
What is the name of our galaxy?,,,,,The Milky Way,Science: General,Moderately hard
Which star is closest to Earth after the Sun?,,,,,Proxima Centauri,Science: General,Moderately hard
What is the main nuclear fusion fuel in the Sun?,,,,,Hydrogen,Science: General,Moderately hard
What blood type is the universal red-cell donor?,,,,,O negative,Science: General,Moderately hard
What blood type is the universal plasma donor?,,,,,AB,Science: General,Moderately hard
What vitamin is primarily synthesized in skin after sunlight exposure?,,,,,Vitamin D,Science: General,Moderately hard
What is the largest artery in the human body?,,,,,Aorta,Science: General,Moderately hard
What is the smallest bone in the human body?,,,,,Stapes,Science: General,Moderately hard
What part of the brain is strongly associated with balance and coordination?,,,,,Cerebellum,Science: General,Moderately hard
What enzyme begins starch digestion in the mouth?,,,,,Amylase,Science: General,Moderately hard
What is the basic unit of kidney function?,,,,,Nephron,Science: General,Moderately hard
What is the main pigment responsible for photosynthesis?,,,,,Chlorophyll,Science: General,Moderately hard
What is the term for animals that maintain internal body temperature?,,,,,Endotherms,Science: General,Moderately hard
What law states that pressure and volume of a gas are inversely related at constant temperature?,,,,,Boyle's law,Science: General,Moderately hard
What law states that volume and temperature of a gas are directly related at constant pressure?,,,,,Charles's law,Science: General,Moderately hard
What number is Avogadro's constant approximately?,,,,,6.022 x 10^23,Science: General,Moderately hard
What is the chemical formula of ozone?,,,,,O3,Science: General,Moderately hard
What is the chemical formula of methane?,,,,,CH4,Science: General,Moderately hard
What is the chemical formula of ammonia?,,,,,NH3,Science: General,Moderately hard
What is the chemical formula of table salt?,,,,,NaCl,Science: General,Moderately hard
What is the chemical formula of glucose?,,,,,C6H12O6,Science: General,Moderately hard
What is the most abundant element in the universe?,,,,,Hydrogen,Science: General,Moderately hard
What is the most abundant element in Earth's crust?,,,,,Oxygen,Science: General,Moderately hard
Which layer of Earth lies between the crust and the core?,,,,,Mantle,Science: General,Moderately hard
What is the name of the supercontinent that existed in the late Paleozoic and early Mesozoic?,,,,,Pangaea,Science: General,Moderately hard
What scale measures earthquake magnitude?,,,,,Richter scale,Science: General,Moderately hard
What is the name for molten rock below Earth's surface?,,,,,Magma,Science: General,Moderately hard
What is the name for molten rock after it reaches the surface?,,,,,Lava,Science: General,Moderately hard
What instrument measures atmospheric pressure?,,,,,Barometer,Science: General,Moderately hard
What instrument measures wind speed?,,,,,Anemometer,Science: General,Moderately hard
What cloud type is often associated with thunderstorms?,,,,,Cumulonimbus,Science: General,Moderately hard
What is the calm center of a hurricane called?,,,,,Eye,Science: General,Moderately hard
What ocean current helps warm western Europe?,,,,,Gulf Stream,Science: General,Moderately hard
What is the study of fungi called?,,,,,Mycology,Science: General,Moderately hard
What is the study of insects called?,,,,,Entomology,Science: General,Moderately hard
What is the study of birds called?,,,,,Ornithology,Science: General,Moderately hard
What is the study of heredity called?,,,,,Genetics,Science: General,Moderately hard
What is the study of fossils called?,,,,,Paleontology,Science: General,Moderately hard
What is the study of earthquakes called?,,,,,Seismology,Science: General,Moderately hard
What is the study of weather called?,,,,,Meteorology,Science: General,Moderately hard
What is the study of the universe as a whole called?,,,,,Cosmology,Science: General,Moderately hard
What is the term for a species found only in one geographic area?,,,,,Endemic,Science: General,Moderately hard
What is the term for a non-native species that spreads and causes harm?,,,,,Invasive species,Science: General,Moderately hard
Which noble gas is commonly used in bright advertising signs?,,,,,Neon,Science: General,Moderately hard
Which element is liquid at room temperature and used in thermometers historically?,,,,,Mercury,Science: General,Moderately hard
Which element gives bones and teeth much of their mineral strength?,,,,,Calcium,Science: General,Moderately hard
Which element is central in hemoglobin?,,,,,Iron,Science: General,Moderately hard
Which element is central in chlorophyll?,,,,,Magnesium,Science: General,Moderately hard
What is the speed of light in a vacuum approximately?,,,,,"299,792 kilometers per second",Science: General,Moderately hard
What is absolute zero in degrees Celsius?,,,,,-273.15 degrees Celsius,Science: General,Moderately hard
What is the name for light bending as it passes between media?,,,,,Refraction,Science: General,Moderately hard
What is the name for wave spreading around obstacles?,,,,,Diffraction,Science: General,Moderately hard
What is the term for the bending of spacetime by mass?,,,,,Gravity,Science: General,Moderately hard
"In Greek mythology, who is the messenger of the gods?",,,,,Hermes,"Culture: Myth, Art, Music & Sport",Moderately hard
"In Roman mythology, who is the equivalent of Greek Ares?",,,,,Mars,"Culture: Myth, Art, Music & Sport",Moderately hard
Which Greek hero slew the Minotaur?,,,,,Theseus,"Culture: Myth, Art, Music & Sport",Moderately hard
Who was the mother of Achilles?,,,,,Thetis,"Culture: Myth, Art, Music & Sport",Moderately hard
Who was condemned to roll a boulder uphill forever?,,,,,Sisyphus,"Culture: Myth, Art, Music & Sport",Moderately hard
What Norse god wielded the hammer Mjolnir?,,,,,Thor,"Culture: Myth, Art, Music & Sport",Moderately hard
What is the name of Odin's eight-legged horse?,,,,,Sleipnir,"Culture: Myth, Art, Music & Sport",Moderately hard
"In Egyptian myth, who is the god of the afterlife?",,,,,Osiris,"Culture: Myth, Art, Music & Sport",Moderately hard
Which Egyptian goddess is often linked with motherhood and magic?,,,,,Isis,"Culture: Myth, Art, Music & Sport",Moderately hard
What creature has a lion's body and a human head in Greek and Egyptian imagery?,,,,,Sphinx,"Culture: Myth, Art, Music & Sport",Moderately hard
Who painted The Birth of Venus?,,,,,Sandro Botticelli,"Culture: Myth, Art, Music & Sport",Moderately hard
Who painted Guernica?,,,,,Pablo Picasso,"Culture: Myth, Art, Music & Sport",Moderately hard
Who painted The Persistence of Memory?,,,,,Salvador Dali,"Culture: Myth, Art, Music & Sport",Moderately hard
Who painted American Gothic?,,,,,Grant Wood,"Culture: Myth, Art, Music & Sport",Moderately hard
Who painted The Kiss?,,,,,Gustav Klimt,"Culture: Myth, Art, Music & Sport",Moderately hard
Who sculpted The Thinker?,,,,,Auguste Rodin,"Culture: Myth, Art, Music & Sport",Moderately hard
"Who sculpted David, the famous Renaissance marble statue?",,,,,Michelangelo,"Culture: Myth, Art, Music & Sport",Moderately hard
Which artist is associated with the Campbell's Soup Cans series?,,,,,Andy Warhol,"Culture: Myth, Art, Music & Sport",Moderately hard
Which Dutch artist painted The Night Watch?,,,,,Rembrandt,"Culture: Myth, Art, Music & Sport",Moderately hard
Which Spanish court painter created Las Meninas?,,,,,Diego Velazquez,"Culture: Myth, Art, Music & Sport",Moderately hard
Who composed The Four Seasons?,,,,,Antonio Vivaldi,"Culture: Myth, Art, Music & Sport",Moderately hard
Who composed The Magic Flute?,,,,,Wolfgang Amadeus Mozart,"Culture: Myth, Art, Music & Sport",Moderately hard
Who composed the opera Carmen?,,,,,Georges Bizet,"Culture: Myth, Art, Music & Sport",Moderately hard
Who composed The Rite of Spring?,,,,,Igor Stravinsky,"Culture: Myth, Art, Music & Sport",Moderately hard
Who composed the Brandenburg Concertos?,,,,,Johann Sebastian Bach,"Culture: Myth, Art, Music & Sport",Moderately hard
Who composed the Moonlight Sonata?,,,,,Ludwig van Beethoven,"Culture: Myth, Art, Music & Sport",Moderately hard
Who composed the William Tell Overture?,,,,,Gioachino Rossini,"Culture: Myth, Art, Music & Sport",Moderately hard
Who composed Pictures at an Exhibition?,,,,,Modest Mussorgsky,"Culture: Myth, Art, Music & Sport",Moderately hard
Who composed The Planets?,,,,,Gustav Holst,"Culture: Myth, Art, Music & Sport",Moderately hard
Who composed Rhapsody in Blue?,,,,,George Gershwin,"Culture: Myth, Art, Music & Sport",Moderately hard
Which architect designed Fallingwater?,,,,,Frank Lloyd Wright,"Culture: Myth, Art, Music & Sport",Moderately hard
Which architect designed the Guggenheim Museum in Bilbao?,,,,,Frank Gehry,"Culture: Myth, Art, Music & Sport",Moderately hard
Which architect designed the Louvre Pyramid?,,,,,I. M. Pei,"Culture: Myth, Art, Music & Sport",Moderately hard
Which ancient civilization built Machu Picchu?,,,,,Inca,"Culture: Myth, Art, Music & Sport",Moderately hard
Which civilization built Chichen Itza?,,,,,Maya,"Culture: Myth, Art, Music & Sport",Moderately hard
What empire built the city of Persepolis?,,,,,Achaemenid Persian Empire,"Culture: Myth, Art, Music & Sport",Moderately hard
Which ancient city is associated with Hammurabi?,,,,,Babylon,"Culture: Myth, Art, Music & Sport",Moderately hard
What writing system did ancient Mesopotamians use on clay tablets?,,,,,Cuneiform,"Culture: Myth, Art, Music & Sport",Moderately hard
What ancient writing system used reed pens on papyrus in Egypt?,,,,,Hieratic script,"Culture: Myth, Art, Music & Sport",Moderately hard
Which Phoenician city was Rome's rival in the Punic Wars?,,,,,Carthage,"Culture: Myth, Art, Music & Sport",Moderately hard
"What language family includes Hindi, Persian, and English?",,,,,Indo-European,"Culture: Myth, Art, Music & Sport",Moderately hard
What language is the primary sacred language of Theravada Buddhist texts?,,,,,Pali,"Culture: Myth, Art, Music & Sport",Moderately hard
What is the classical liturgical language of Hindu scriptures such as the Vedas?,,,,,Sanskrit,"Culture: Myth, Art, Music & Sport",Moderately hard
What is the traditional language of the Quran?,,,,,Arabic,"Culture: Myth, Art, Music & Sport",Moderately hard
What language was used for much medieval scholarship in Western Europe?,,,,,Latin,"Culture: Myth, Art, Music & Sport",Moderately hard
What is the traditional Japanese verse form of 5-7-5 syllables?,,,,,Haiku,"Culture: Myth, Art, Music & Sport",Moderately hard
What poetic meter is most associated with Shakespeare's sonnets?,,,,,Iambic pentameter,"Culture: Myth, Art, Music & Sport",Moderately hard
What is a fourteen-line poem traditionally called?,,,,,Sonnet,"Culture: Myth, Art, Music & Sport",Moderately hard
What is the Japanese art of paper folding called?,,,,,Origami,"Culture: Myth, Art, Music & Sport",Moderately hard
What is the Japanese art of flower arrangement called?,,,,,Ikebana,"Culture: Myth, Art, Music & Sport",Moderately hard
Which film won the first Academy Award for Best Picture?,,,,,Wings,"Culture: Myth, Art, Music & Sport",Moderately hard
Who directed Citizen Kane?,,,,,Orson Welles,"Culture: Myth, Art, Music & Sport",Moderately hard
Who directed Rashomon?,,,,,Akira Kurosawa,"Culture: Myth, Art, Music & Sport",Moderately hard
Who directed The Seventh Seal?,,,,,Ingmar Bergman,"Culture: Myth, Art, Music & Sport",Moderately hard
Who directed 2001: A Space Odyssey?,,,,,Stanley Kubrick,"Culture: Myth, Art, Music & Sport",Moderately hard
Who directed Seven Samurai?,,,,,Akira Kurosawa,"Culture: Myth, Art, Music & Sport",Moderately hard
Who directed Vertigo?,,,,,Alfred Hitchcock,"Culture: Myth, Art, Music & Sport",Moderately hard
Who directed The Godfather?,,,,,Francis Ford Coppola,"Culture: Myth, Art, Music & Sport",Moderately hard
Who directed Pulp Fiction?,,,,,Quentin Tarantino,"Culture: Myth, Art, Music & Sport",Moderately hard
Who directed Parasite?,,,,,Bong Joon-ho,"Culture: Myth, Art, Music & Sport",Moderately hard
Which country originated the sport of sumo?,,,,,Japan,"Culture: Myth, Art, Music & Sport",Moderately hard
"In chess, what piece can move in an L-shape?",,,,,Knight,"Culture: Myth, Art, Music & Sport",Moderately hard
"In fencing, what is the heaviest of the three Olympic weapons?",,,,,Epee,"Culture: Myth, Art, Music & Sport",Moderately hard
What is the maximum break in snooker?,,,,,147,"Culture: Myth, Art, Music & Sport",Moderately hard
"In rugby union, how many players are on the field for each team?",,,,,15,"Culture: Myth, Art, Music & Sport",Moderately hard
"In cricket, what is the term for a score of zero by a batter?",,,,,Duck,"Culture: Myth, Art, Music & Sport",Moderately hard
What is the only Grand Slam tennis tournament played on grass?,,,,,Wimbledon,"Culture: Myth, Art, Music & Sport",Moderately hard
Which Olympic event combines cross-country skiing and rifle shooting?,,,,,Biathlon,"Culture: Myth, Art, Music & Sport",Moderately hard
"In baseball scoring, what does K stand for?",,,,,Strikeout,"Culture: Myth, Art, Music & Sport",Moderately hard
"In soccer, what is awarded for a defensive foul inside the penalty area?",,,,,Penalty kick,"Culture: Myth, Art, Music & Sport",Moderately hard
Which river is traditionally regarded as the longest in Europe?,,,,,Volga River,Mixed Trivia,Moderately hard
Which river flows through Paris?,,,,,Seine,Mixed Trivia,Moderately hard
"Which river flows through Vienna, Budapest, and Belgrade?",,,,,Danube,Mixed Trivia,Moderately hard
Which African river is associated with Victoria Falls?,,,,,Zambezi,Mixed Trivia,Moderately hard
Which river forms much of the border between the U.S. and Mexico?,,,,,Rio Grande,Mixed Trivia,Moderately hard
Which desert covers much of northern China and southern Mongolia?,,,,,Gobi Desert,Mixed Trivia,Moderately hard
Which desert is the driest non-polar desert?,,,,,Atacama Desert,Mixed Trivia,Moderately hard
Which mountain range separates Europe from Asia in Russia?,,,,,Ural Mountains,Mixed Trivia,Moderately hard
Which mountain range includes K2?,,,,,Karakoram,Mixed Trivia,Moderately hard
Which mountain range forms a natural border between France and Spain?,,,,,Pyrenees,Mixed Trivia,Moderately hard
Which sea lies between Australia and New Zealand?,,,,,Tasman Sea,Mixed Trivia,Moderately hard
Which strait separates Morocco and Spain?,,,,,Strait of Gibraltar,Mixed Trivia,Moderately hard
Which strait separates mainland Asia from Japan's Hokkaido?,,,,,Soya Strait,Mixed Trivia,Moderately hard
Which canal connects the Mediterranean Sea and the Red Sea?,,,,,Suez Canal,Mixed Trivia,Moderately hard
Which canal connects the Atlantic and Pacific oceans through Central America?,,,,,Panama Canal,Mixed Trivia,Moderately hard
Which country has the city of Timbuktu?,,,,,Mali,Mixed Trivia,Moderately hard
Which country contains the ancient city of Petra?,,,,,Jordan,Mixed Trivia,Moderately hard
Which country contains the archaeological site of Angkor Wat?,,,,,Cambodia,Mixed Trivia,Moderately hard
Which country contains the city of Samarkand?,,,,,Uzbekistan,Mixed Trivia,Moderately hard
Which country contains the region of Transylvania?,,,,,Romania,Mixed Trivia,Moderately hard
What is the currency of Japan?,,,,,Yen,Mixed Trivia,Moderately hard
What is the currency of Switzerland?,,,,,Swiss franc,Mixed Trivia,Moderately hard
What is the currency of India?,,,,,Rupee,Mixed Trivia,Moderately hard
What is the currency of Mexico?,,,,,Peso,Mixed Trivia,Moderately hard
What is the currency of South Korea?,,,,,Won,Mixed Trivia,Moderately hard
What is the currency of South Africa?,,,,,Rand,Mixed Trivia,Moderately hard
What is the currency of Turkey?,,,,,Lira,Mixed Trivia,Moderately hard
What is the currency of Brazil?,,,,,Real,Mixed Trivia,Moderately hard
What is the currency of Thailand?,,,,,Baht,Mixed Trivia,Moderately hard
What is the currency of Poland?,,,,,Zloty,Mixed Trivia,Moderately hard
"Which chess champion was known as the ""Mozart of Chess""?",,,,,Magnus Carlsen,Mixed Trivia,Moderately hard
Which composer became deaf later in life yet continued composing major works?,,,,,Ludwig van Beethoven,Mixed Trivia,Moderately hard
Which philosopher wrote The Republic?,,,,,Plato,Mixed Trivia,Moderately hard
Which philosopher wrote Critique of Pure Reason?,,,,,Immanuel Kant,Mixed Trivia,Moderately hard
Which economist wrote The Wealth of Nations?,,,,,Adam Smith,Mixed Trivia,Moderately hard
Which economist wrote Das Kapital?,,,,,Karl Marx,Mixed Trivia,Moderately hard
Which political thinker wrote Leviathan?,,,,,Thomas Hobbes,Mixed Trivia,Moderately hard
Which political thinker wrote Two Treatises of Government?,,,,,John Locke,Mixed Trivia,Moderately hard
Which philosopher wrote Beyond Good and Evil?,,,,,Friedrich Nietzsche,Mixed Trivia,Moderately hard
Which philosopher wrote Meditations on First Philosophy?,,,,,Rene Descartes,Mixed Trivia,Moderately hard
Which mathematician is associated with the incompleteness theorems?,,,,,Kurt Godel,Mixed Trivia,Moderately hard
Which mathematician proved Fermat's Last Theorem?,,,,,Andrew Wiles,Mixed Trivia,Moderately hard
Which mathematician is known for the diagonal argument and set theory?,,,,,Georg Cantor,Mixed Trivia,Moderately hard
Which mathematician introduced the coordinate plane in analytic geometry?,,,,,Rene Descartes,Mixed Trivia,Moderately hard
Which ancient mathematician wrote Elements?,,,,,Euclid,Mixed Trivia,Moderately hard
Which scientist names the unit of capacitance?,,,,,Michael Faraday,Mixed Trivia,Moderately hard
Which scientist names the unit of magnetic flux density?,,,,,Nikola Tesla,Mixed Trivia,Moderately hard
Which scientist names the SI unit of electrical resistance?,,,,,Georg Ohm,Mixed Trivia,Moderately hard
Which scientist names the SI unit of inductance?,,,,,Joseph Henry,Mixed Trivia,Moderately hard
Which scientist names the SI unit of conductance?,,,,,Werner von Siemens,Mixed Trivia,Moderately hard
What is the capital of Norway?,,,,,Oslo,Extra Mixed Trivia,Moderately hard
What is the capital of Sweden?,,,,,Stockholm,Extra Mixed Trivia,Moderately hard
What is the capital of Portugal?,,,,,Lisbon,Extra Mixed Trivia,Moderately hard
What is the capital of Spain?,,,,,Madrid,Extra Mixed Trivia,Moderately hard
What is the capital of Poland?,,,,,Warsaw,Extra Mixed Trivia,Moderately hard
What is the capital of Ukraine?,,,,,Kyiv,Extra Mixed Trivia,Moderately hard
What is the capital of Romania?,,,,,Bucharest,Extra Mixed Trivia,Moderately hard
What is the capital of Serbia?,,,,,Belgrade,Extra Mixed Trivia,Moderately hard
What is the capital of Slovenia?,,,,,Ljubljana,Extra Mixed Trivia,Moderately hard
What is the capital of Slovakia?,,,,,Bratislava,Extra Mixed Trivia,Moderately hard
What is the capital of North Macedonia?,,,,,Skopje,Extra Mixed Trivia,Moderately hard
What is the capital of Kosovo?,,,,,Pristina,Extra Mixed Trivia,Moderately hard
What is the capital of Albania?,,,,,Tirana,Extra Mixed Trivia,Moderately hard
What is the capital of Latvia?,,,,,Riga,Extra Mixed Trivia,Moderately hard
What is the capital of Estonia?,,,,,Tallinn,Extra Mixed Trivia,Moderately hard
What is the capital of Lithuania?,,,,,Vilnius,Extra Mixed Trivia,Moderately hard
What is the capital of Iceland?,,,,,Reykjavik,Extra Mixed Trivia,Moderately hard
What is the capital of Ireland?,,,,,Dublin,Extra Mixed Trivia,Moderately hard
What is the capital of Scotland?,,,,,Edinburgh,Extra Mixed Trivia,Moderately hard
What is the capital of Wales?,,,,,Cardiff,Extra Mixed Trivia,Moderately hard
Which Shakespeare play features the character Iago?,,,,,Othello,Extra Mixed Trivia,Moderately hard
Which Shakespeare play features the character Prospero?,,,,,The Tempest,Extra Mixed Trivia,Moderately hard
Which Shakespeare play features the character Malvolio?,,,,,Twelfth Night,Extra Mixed Trivia,Moderately hard
Which Shakespeare play features the character Shylock?,,,,,The Merchant of Venice,Extra Mixed Trivia,Moderately hard
Which Shakespeare play features the character Ophelia?,,,,,Hamlet,Extra Mixed Trivia,Moderately hard
Which Shakespeare play features the character Cordelia?,,,,,King Lear,Extra Mixed Trivia,Moderately hard
Which Shakespeare play features the character Lady Macbeth?,,,,,Macbeth,Extra Mixed Trivia,Moderately hard
Which Shakespeare play features the character Puck?,,,,,A Midsummer Night's Dream,Extra Mixed Trivia,Moderately hard
Which Shakespeare play features the character Falstaff?,,,,,Henry IV,Extra Mixed Trivia,Moderately hard
Which Shakespeare play features the character Beatrice?,,,,,Much Ado About Nothing,Extra Mixed Trivia,Moderately hard
What is the first book of the Hebrew Bible and Christian Old Testament?,,,,,Genesis,Extra Mixed Trivia,Moderately hard
What is the last book of the New Testament?,,,,,Revelation,Extra Mixed Trivia,Moderately hard
What is the sacred text of Islam?,,,,,Quran,Extra Mixed Trivia,Moderately hard
What is the central sacred text of Sikhism?,,,,,Guru Granth Sahib,Extra Mixed Trivia,Moderately hard
What is the ancient Chinese text associated with Laozi?,,,,,Tao Te Ching,Extra Mixed Trivia,Moderately hard
What is the Confucian collection of sayings called?,,,,,Analects,Extra Mixed Trivia,Moderately hard
What epic poem tells of Odysseus returning home from Troy?,,,,,The Odyssey,Extra Mixed Trivia,Moderately hard
What epic poem begins with the wrath of Achilles?,,,,,The Iliad,Extra Mixed Trivia,Moderately hard
Which Roman poet wrote the Aeneid?,,,,,Virgil,Extra Mixed Trivia,Moderately hard
Which medieval poet wrote The Divine Comedy?,,,,,Dante Alighieri,Extra Mixed Trivia,Moderately hard
Which country is home to the wine region of Rioja?,,,,,Spain,Extra Mixed Trivia,Moderately hard
Which country is home to the wine region of Bordeaux?,,,,,France,Extra Mixed Trivia,Moderately hard
Which country is home to the wine region of Tuscany?,,,,,Italy,Extra Mixed Trivia,Moderately hard
Which country is home to the Barossa Valley wine region?,,,,,Australia,Extra Mixed Trivia,Moderately hard
Which country is home to the Stellenbosch wine region?,,,,,South Africa,Extra Mixed Trivia,Moderately hard
Which food is traditionally fermented to make kimchi?,,,,,Cabbage,Extra Mixed Trivia,Moderately hard
"Which Japanese seasoning is made from fermented soybeans, salt, and koji?",,,,,Miso,Extra Mixed Trivia,Moderately hard
Which grain is traditionally used in risotto?,,,,,Arborio rice,Extra Mixed Trivia,Moderately hard
Which spice gives saffron its characteristic color and flavor?,,,,,Saffron crocus stigmas,Extra Mixed Trivia,Moderately hard
Which nut is used in traditional pesto alla genovese?,,,,,Pine nut,Extra Mixed Trivia,Moderately hard
Which scientist is associated with the uncertainty principle?,,,,,Werner Heisenberg,Extra Mixed Trivia,Moderately hard
Which scientist is associated with the exclusion principle?,,,,,Wolfgang Pauli,Extra Mixed Trivia,Moderately hard
Which scientist proposed the heliocentric model in De revolutionibus?,,,,,Nicolaus Copernicus,Extra Mixed Trivia,Moderately hard
Which astronomer formulated three laws of planetary motion?,,,,,Johannes Kepler,Extra Mixed Trivia,Moderately hard
Which scientist is credited with discovering the circulation of blood?,,,,,William Harvey,Extra Mixed Trivia,Moderately hard
Which scientist developed the vaccine for smallpox?,,,,,Edward Jenner,Extra Mixed Trivia,Moderately hard
Which scientist coined the term cell after observing cork?,,,,,Robert Hooke,Extra Mixed Trivia,Moderately hard
Which scientist developed binomial nomenclature?,,,,,Carl Linnaeus,Extra Mixed Trivia,Moderately hard
Which scientist proposed natural selection with Alfred Russel Wallace?,,,,,Charles Darwin,Extra Mixed Trivia,Moderately hard
Which scientist independently proposed natural selection with Charles Darwin?,,,,,Alfred Russel Wallace,Extra Mixed Trivia,Moderately hard
What is the capital of Nigeria?,,,,,Abuja,Extra Mixed Trivia,Moderately hard
What is the capital of Senegal?,,,,,Dakar,Extra Mixed Trivia,Moderately hard
What is the capital of Uganda?,,,,,Kampala,Extra Mixed Trivia,Moderately hard
What is the capital of Tanzania?,,,,,Dodoma,Extra Mixed Trivia,Moderately hard
What is the capital of Zambia?,,,,,Lusaka,Extra Mixed Trivia,Moderately hard
What is the capital of Zimbabwe?,,,,,Harare,Extra Mixed Trivia,Moderately hard
What is the capital of Rwanda?,,,,,Kigali,Extra Mixed Trivia,Moderately hard
What is the capital of Somalia?,,,,,Mogadishu,Extra Mixed Trivia,Moderately hard
What is the capital of Sudan?,,,,,Khartoum,Extra Mixed Trivia,Moderately hard
What is the capital of Tunisia?,,,,,Tunis,Extra Mixed Trivia,Moderately hard
Which Greek muse is associated with epic poetry?,,,,,Calliope,Extra Mixed Trivia,Moderately hard
Which Greek muse is associated with history?,,,,,Clio,Extra Mixed Trivia,Moderately hard
Which Greek muse is associated with astronomy?,,,,,Urania,Extra Mixed Trivia,Moderately hard
Which Greek muse is associated with tragedy?,,,,,Melpomene,Extra Mixed Trivia,Moderately hard
Which Greek muse is associated with comedy?,,,,,Thalia,Extra Mixed Trivia,Moderately hard
"Who was the Roman god of gates, beginnings, and transitions?",,,,,Janus,Extra Mixed Trivia,Moderately hard
Who was the Roman goddess of the hearth?,,,,,Vesta,Extra Mixed Trivia,Moderately hard
Who was the Greek goddess of the hunt?,,,,,Artemis,Extra Mixed Trivia,Moderately hard
Who was the Greek god of wine and theater?,,,,,Dionysus,Extra Mixed Trivia,Moderately hard
Who was the Greek goddess of wisdom?,,,,,Athena,Extra Mixed Trivia,Moderately hard
Which artist painted Nighthawks?,,,,,Edward Hopper,Extra Mixed Trivia,Moderately hard
Which artist painted The School of Athens?,,,,,Raphael,Extra Mixed Trivia,Moderately hard
Which artist painted Liberty Leading the People?,,,,,Eugene Delacroix,Extra Mixed Trivia,Moderately hard
Which artist painted The Garden of Earthly Delights?,,,,,Hieronymus Bosch,Extra Mixed Trivia,Moderately hard
Which artist painted The Raft of the Medusa?,,,,,Theodore Gericault,Extra Mixed Trivia,Moderately hard
Which artist painted The Hay Wain?,,,,,John Constable,Extra Mixed Trivia,Moderately hard
Which artist painted The Fighting Temeraire?,,,,,J. M. W. Turner,Extra Mixed Trivia,Moderately hard
Which artist painted Christina's World?,,,,,Andrew Wyeth,Extra Mixed Trivia,Moderately hard
Which artist painted The Son of Man?,,,,,Rene Magritte,Extra Mixed Trivia,Moderately hard
Which artist painted The Scream?,,,,,Edvard Munch,Extra Mixed Trivia,Moderately hard
Which country won the first FIFA World Cup in 1930?,,,,,Uruguay,Extra Mixed Trivia,Moderately hard
Which city hosted the 1896 Summer Olympics?,,,,,Athens,Extra Mixed Trivia,Moderately hard
Which country originated the modern Olympic Games?,,,,,Greece,Extra Mixed Trivia,Moderately hard
